team_name,link,start_time,end_time,prize_category,sponsor_name,location
ChromaticAid,https://technica-2023.devpost.com/submissions/444393-chromaticaid,Sun Oct 22 2023 12:00:00 GMT-0400 (Eastern Daylight Time),Sun Oct 22 2023 12:04:00 GMT-0400 (Eastern Daylight Time),Best Social Good Hack,Technica,https://app.gather.town/app/2x7GW9NhurfCG9pf/Technica%202023-2024?spawnToken=F3O8WYesQ3aMLgCFevNq
ChromaticAid,https://technica-2023.devpost.com/submissions/444393-chromaticaid,Sun Oct 22 2023 12:04:00 GMT-0400 (Eastern Daylight Time),Sun Oct 22 2023 12:08:00 GMT-0400 (Eastern Daylight Time),Best Beginner Hack (College),Technica,https://app.gather.town/app/2x7GW9NhurfCG9pf/Technica%202023-2024?spawnToken=jya3rsCWQ2iRdOHUijIo
ChromaticAid,https://technica-2023.devpost.com/submissions/444393-chromaticaid,Sun Oct 22 2023 12:08:00 GMT-0400 (Eastern Daylight Time),Sun Oct 22 2023 12:12:00 GMT-0400 (Eastern Daylight Time),Best Accessibility Solution,Technica,https://app.gather.town/app/2x7GW9NhurfCG9pf/Technica%202023-2024?spawnToken=J9G88MheRua2bdRNEF7t
ChromaticAid,https://technica-2023.devpost.com/submissions/444393-chromaticaid,Sun Oct 22 2023 12:12:00 GMT-0400 (Eastern Daylight Time),Sun Oct 22 2023 12:16:00 GMT-0400 (Eastern Daylight Time),Best Use of FinTech,T. Rowe Price,https://app.gather.town/app/2x7GW9NhurfCG9pf/Technica%202023-2024?spawnToken=IrPGEyT_Q8CmHheZ1QEN
ChromaticAid,https://technica-2023.devpost.com/submissions/444393-chromaticaid,Sun Oct 22 2023 12:16:00 GMT-0400 (Eastern Daylight Time),Sun Oct 22 2023 12:20:00 GMT-0400 (Eastern Daylight Time),Best Hack for Sustainability,Optiver,https://app.gather.town/app/2x7GW9NhurfCG9pf/Technica%202023-2024?spawnToken=I9cykNv1QkecnTqvd0D4
ChromaticAid,https://technica-2023.devpost.com/submissions/444393-chromaticaid,Sun Oct 22 2023 12:20:00 GMT-0400 (Eastern Daylight Time),Sun Oct 22 2023 12:24:00 GMT-0400 (Eastern Daylight Time),Climate Change Sentiment Analysis and Impacts on Housing,Fannie Mae,https://app.gather.town/app/2x7GW9NhurfCG9pf/Technica%202023-2024?spawnToken=r7yzD6LMSfKznT00-EUH
ChromaticAid,https://technica-2023.devpost.com/submissions/444393-chromaticaid,Sun Oct 22 2023 12:24:00 GMT-0400 (Eastern Daylight Time),Sun Oct 22 2023 12:28:00 GMT-0400 (Eastern Daylight Time),Most “Ever Vigilant” Hack Against Spyware,CACI International,https://app.gather.town/app/2x7GW9NhurfCG9pf/Technica%202023-2024?spawnToken=c6F6snDbRFOU9EtuudbC
ChromaticAid,https://technica-2023.devpost.com/submissions/444393-chromaticaid,Sun Oct 22 2023 12:28:00 GMT-0400 (Eastern Daylight Time),Sun Oct 22 2023 12:32:00 GMT-0400 (Eastern Daylight Time),Best Hack Promoting Education or Public Health,Bloomberg,https://app.gather.town/app/2x7GW9NhurfCG9pf/Technica%202023-2024?spawnToken=IBOcPturRx6K1VSL8akC
ChromaticAid,https://technica-2023.devpost.com/submissions/444393-chromaticaid,Sun Oct 22 2023 12:32:00 GMT-0400 (Eastern Daylight Time),Sun Oct 22 2023 12:36:00 GMT-0400 (Eastern Daylight Time),Best Financial Hack,Capital One,https://app.gather.town/app/2x7GW9NhurfCG9pf/Technica%202023-2024?spawnToken=yN2qcnSpR7-_3FnrfGEY
ChromaticAid,https://technica-2023.devpost.com/submissions/444393-chromaticaid,Sun Oct 22 2023 12:36:00 GMT-0400 (Eastern Daylight Time),Sun Oct 22 2023 12:40:00 GMT-0400 (Eastern Daylight Time),Best AI Powered Solution,Bloomberg Industry Group,https://app.gather.town/app/2x7GW9NhurfCG9pf/Technica%202023-2024?spawnToken=GRZdhnxVTPK5Lu4xVVwJ
Study Terp,https://technica-2023.devpost.com/submissions/444517-study-terp,Sun Oct 22 2023 12:00:00 GMT-0400 (Eastern Daylight Time),Sun Oct 22 2023 12:04:00 GMT-0400 (Eastern Daylight Time),Best Education Hack,Technica,1.1
Study Terp,https://technica-2023.devpost.com/submissions/444517-study-terp,Sun Oct 22 2023 12:04:00 GMT-0400 (Eastern Daylight Time),Sun Oct 22 2023 12:08:00 GMT-0400 (Eastern Daylight Time),Best Beginner Hack (College),Technica,1.1
Study Terp,https://technica-2023.devpost.com/submissions/444517-study-terp,Sun Oct 22 2023 12:08:00 GMT-0400 (Eastern Daylight Time),Sun Oct 22 2023 12:12:00 GMT-0400 (Eastern Daylight Time),Best Startup Track Hack,Technica,1.1
Study Terp,https://technica-2023.devpost.com/submissions/444517-study-terp,,,MLH Prizes,MLH,1.1
TerrapinCare,https://technica-2023.devpost.com/submissions/444532-terrapincare,Sun Oct 22 2023 12:00:00 GMT-0400 (Eastern Daylight Time),Sun Oct 22 2023 12:04:00 GMT-0400 (Eastern Daylight Time),Best UI/UX Hack,Technica,1.2
TerrapinCare,https://technica-2023.devpost.com/submissions/444532-terrapincare,Sun Oct 22 2023 12:04:00 GMT-0400 (Eastern Daylight Time),Sun Oct 22 2023 12:08:00 GMT-0400 (Eastern Daylight Time),Best Accessibility Solution,Technica,1.2
TerrapinCare,https://technica-2023.devpost.com/submissions/444532-terrapincare,Sun Oct 22 2023 12:08:00 GMT-0400 (Eastern Daylight Time),Sun Oct 22 2023 12:12:00 GMT-0400 (Eastern Daylight Time),Best Hack Promoting Education or Public Health,Bloomberg,1.2
PlanetPlan,https://technica-2023.devpost.com/submissions/444543-planetplan,Sun Oct 22 2023 12:00:00 GMT-0400 (Eastern Daylight Time),Sun Oct 22 2023 12:04:00 GMT-0400 (Eastern Daylight Time),Best Social Good Hack,Technica,2.1
Finance Child (FinChild),https://technica-2023.devpost.com/submissions/444546-finance-child-finchild,Sun Oct 22 2023 12:04:00 GMT-0400 (Eastern Daylight Time),Sun Oct 22 2023 12:08:00 GMT-0400 (Eastern Daylight Time),Best Education Hack,Technica,2.2
Finance Child (FinChild),https://technica-2023.devpost.com/submissions/444546-finance-child-finchild,Sun Oct 22 2023 12:00:00 GMT-0400 (Eastern Daylight Time),Sun Oct 22 2023 12:04:00 GMT-0400 (Eastern Daylight Time),Best Use of FinTech,T. Rowe Price,2.2
Finance Child (FinChild),https://technica-2023.devpost.com/submissions/444546-finance-child-finchild,Sun Oct 22 2023 12:12:00 GMT-0400 (Eastern Daylight Time),Sun Oct 22 2023 12:16:00 GMT-0400 (Eastern Daylight Time),Best Hack Promoting Education or Public Health,Bloomberg,2.2
Finance Child (FinChild),https://technica-2023.devpost.com/submissions/444546-finance-child-finchild,Sun Oct 22 2023 12:08:00 GMT-0400 (Eastern Daylight Time),Sun Oct 22 2023 12:12:00 GMT-0400 (Eastern Daylight Time),Best Financial Hack,Capital One,2.2
MAO'S TWIST,https://technica-2023.devpost.com/submissions/444553-mao-s-twist,Sun Oct 22 2023 12:00:00 GMT-0400 (Eastern Daylight Time),Sun Oct 22 2023 12:04:00 GMT-0400 (Eastern Daylight Time),Best UI/UX Hack,Technica,https://app.gather.town/app/2x7GW9NhurfCG9pf/Technica%202023-2024?spawnToken=9_-SdnUWRBmVbAJZ03IP
MAO'S TWIST,https://technica-2023.devpost.com/submissions/444553-mao-s-twist,Sun Oct 22 2023 12:08:00 GMT-0400 (Eastern Daylight Time),Sun Oct 22 2023 12:12:00 GMT-0400 (Eastern Daylight Time),Best Beginner Hack (College),Technica,https://app.gather.town/app/2x7GW9NhurfCG9pf/Technica%202023-2024?spawnToken=jya3rsCWQ2iRdOHUijIo
MAO'S TWIST,https://technica-2023.devpost.com/submissions/444553-mao-s-twist,Sun Oct 22 2023 12:04:00 GMT-0400 (Eastern Daylight Time),Sun Oct 22 2023 12:08:00 GMT-0400 (Eastern Daylight Time),Best Gamification Hack - Create Your Own Reality,Technica,https://app.gather.town/app/2x7GW9NhurfCG9pf/Technica%202023-2024?spawnToken=UHb47IZnR72t_VaKFK0H
ConnectED,https://technica-2023.devpost.com/submissions/444593-connected,Sun Oct 22 2023 12:08:00 GMT-0400 (Eastern Daylight Time),Sun Oct 22 2023 12:12:00 GMT-0400 (Eastern Daylight Time),Best Education Hack,Technica,2.3
ConnectED,https://technica-2023.devpost.com/submissions/444593-connected,Sun Oct 22 2023 12:00:00 GMT-0400 (Eastern Daylight Time),Sun Oct 22 2023 12:04:00 GMT-0400 (Eastern Daylight Time),Best Accessibility Solution,Technica,2.3
ConnectED,https://technica-2023.devpost.com/submissions/444593-connected,Sun Oct 22 2023 12:04:00 GMT-0400 (Eastern Daylight Time),Sun Oct 22 2023 12:08:00 GMT-0400 (Eastern Daylight Time),Best Startup Track Hack,Technica,2.3
ConnectED,https://technica-2023.devpost.com/submissions/444593-connected,Sun Oct 22 2023 12:16:00 GMT-0400 (Eastern Daylight Time),Sun Oct 22 2023 12:20:00 GMT-0400 (Eastern Daylight Time),Best Hack Promoting Education or Public Health,Bloomberg,2.3
ConnectED,https://technica-2023.devpost.com/submissions/444593-connected,,,MLH Prizes,MLH,2.3
Recycle Run,https://technica-2023.devpost.com/submissions/444607-recycle-run,Sun Oct 22 2023 12:00:00 GMT-0400 (Eastern Daylight Time),Sun Oct 22 2023 12:04:00 GMT-0400 (Eastern Daylight Time),Best Education Hack,Technica,https://app.gather.town/app/2x7GW9NhurfCG9pf/Technica%202023-2024?spawnToken=BSmzOgRfSw6aaiRle3HX
Recycle Run,https://technica-2023.devpost.com/submissions/444607-recycle-run,Sun Oct 22 2023 12:08:00 GMT-0400 (Eastern Daylight Time),Sun Oct 22 2023 12:12:00 GMT-0400 (Eastern Daylight Time),Best Gamification Hack - Create Your Own Reality,Technica,https://app.gather.town/app/2x7GW9NhurfCG9pf/Technica%202023-2024?spawnToken=UHb47IZnR72t_VaKFK0H
Recycle Run,https://technica-2023.devpost.com/submissions/444607-recycle-run,Sun Oct 22 2023 12:04:00 GMT-0400 (Eastern Daylight Time),Sun Oct 22 2023 12:08:00 GMT-0400 (Eastern Daylight Time),Best Hack for Sustainability,Optiver,https://app.gather.town/app/2x7GW9NhurfCG9pf/Technica%202023-2024?spawnToken=I9cykNv1QkecnTqvd0D4
The Sustainability Scale,https://technica-2023.devpost.com/submissions/444647-the-sustainability-scale,Sun Oct 22 2023 12:04:00 GMT-0400 (Eastern Daylight Time),Sun Oct 22 2023 12:08:00 GMT-0400 (Eastern Daylight Time),Best UI/UX Hack,Technica,2.4
The Sustainability Scale,https://technica-2023.devpost.com/submissions/444647-the-sustainability-scale,Sun Oct 22 2023 12:00:00 GMT-0400 (Eastern Daylight Time),Sun Oct 22 2023 12:04:00 GMT-0400 (Eastern Daylight Time),Best Active-Wellness/Health Hack - Herbal Apothecary,Technica,2.4
The Sustainability Scale,https://technica-2023.devpost.com/submissions/444647-the-sustainability-scale,Sun Oct 22 2023 12:08:00 GMT-0400 (Eastern Daylight Time),Sun Oct 22 2023 12:12:00 GMT-0400 (Eastern Daylight Time),Best Gamification Hack - Create Your Own Reality,Technica,2.4
The Sustainability Scale,https://technica-2023.devpost.com/submissions/444647-the-sustainability-scale,Sun Oct 22 2023 12:12:00 GMT-0400 (Eastern Daylight Time),Sun Oct 22 2023 12:16:00 GMT-0400 (Eastern Daylight Time),Best Hack for Sustainability,Optiver,2.4
The Sustainability Scale,https://technica-2023.devpost.com/submissions/444647-the-sustainability-scale,Sun Oct 22 2023 12:20:00 GMT-0400 (Eastern Daylight Time),Sun Oct 22 2023 12:24:00 GMT-0400 (Eastern Daylight Time),Best Hack Promoting Education or Public Health,Bloomberg,2.4
The Sustainability Scale,https://technica-2023.devpost.com/submissions/444647-the-sustainability-scale,Sun Oct 22 2023 12:16:00 GMT-0400 (Eastern Daylight Time),Sun Oct 22 2023 12:20:00 GMT-0400 (Eastern Daylight Time),Best Financial Hack,Capital One,2.4
The Sustainability Scale,https://technica-2023.devpost.com/submissions/444647-the-sustainability-scale,,,MLH Prizes,MLH,2.4
The Fundamentals of Metagenomics,https://technica-2023.devpost.com/submissions/444658-the-fundamentals-of-metagenomics,Sun Oct 22 2023 12:00:00 GMT-0400 (Eastern Daylight Time),Sun Oct 22 2023 12:04:00 GMT-0400 (Eastern Daylight Time),Best Research Track Hack,Technica,2.5
MUJAND,https://technica-2023.devpost.com/submissions/444664-mujand,Sun Oct 22 2023 12:04:00 GMT-0400 (Eastern Daylight Time),Sun Oct 22 2023 12:08:00 GMT-0400 (Eastern Daylight Time),Best Education Hack,Technica,https://app.gather.town/app/2x7GW9NhurfCG9pf/Technica%202023-2024?spawnToken=BSmzOgRfSw6aaiRle3HX
MUJAND,https://technica-2023.devpost.com/submissions/444664-mujand,Sun Oct 22 2023 12:00:00 GMT-0400 (Eastern Daylight Time),Sun Oct 22 2023 12:04:00 GMT-0400 (Eastern Daylight Time),Best Beginner Hack (Middle & High School),Technica,https://app.gather.town/app/2x7GW9NhurfCG9pf/Technica%202023-2024?spawnToken=j8ND0kojQtWSO-ReVluV
EnviroTracker,https://technica-2023.devpost.com/submissions/444666-envirotracker,Sun Oct 22 2023 12:00:00 GMT-0400 (Eastern Daylight Time),Sun Oct 22 2023 12:04:00 GMT-0400 (Eastern Daylight Time),Best Hack for Sustainability,Optiver,https://app.gather.town/app/2x7GW9NhurfCG9pf/Technica%202023-2024?spawnToken=I9cykNv1QkecnTqvd0D4
EnviroMenders,https://technica-2023.devpost.com/submissions/444677-enviromenders,Sun Oct 22 2023 12:04:00 GMT-0400 (Eastern Daylight Time),Sun Oct 22 2023 12:08:00 GMT-0400 (Eastern Daylight Time),Best Social Good Hack,Technica,2.6
EnviroMenders,https://technica-2023.devpost.com/submissions/444677-enviromenders,Sun Oct 22 2023 12:00:00 GMT-0400 (Eastern Daylight Time),Sun Oct 22 2023 12:04:00 GMT-0400 (Eastern Daylight Time),Best Beginner Hack (College),Technica,2.6
EnviroMenders,https://technica-2023.devpost.com/submissions/444677-enviromenders,Sun Oct 22 2023 12:12:00 GMT-0400 (Eastern Daylight Time),Sun Oct 22 2023 12:16:00 GMT-0400 (Eastern Daylight Time),Best Financial Hack,Capital One,2.6
EnviroMenders,https://technica-2023.devpost.com/submissions/444677-enviromenders,,,MLH Prizes,MLH,2.6
FinEd,https://technica-2023.devpost.com/submissions/444684-fined,Sun Oct 22 2023 12:12:00 GMT-0400 (Eastern Daylight Time),Sun Oct 22 2023 12:16:00 GMT-0400 (Eastern Daylight Time),Best Education Hack,Technica,2.7
FinEd,https://technica-2023.devpost.com/submissions/444684-fined,Sun Oct 22 2023 12:08:00 GMT-0400 (Eastern Daylight Time),Sun Oct 22 2023 12:12:00 GMT-0400 (Eastern Daylight Time),Best UI/UX Hack,Technica,2.7
FinEd,https://technica-2023.devpost.com/submissions/444684-fined,Sun Oct 22 2023 12:00:00 GMT-0400 (Eastern Daylight Time),Sun Oct 22 2023 12:04:00 GMT-0400 (Eastern Daylight Time),Best Hack Promoting Education or Public Health,Bloomberg,2.7
FinEd,https://technica-2023.devpost.com/submissions/444684-fined,Sun Oct 22 2023 12:04:00 GMT-0400 (Eastern Daylight Time),Sun Oct 22 2023 12:08:00 GMT-0400 (Eastern Daylight Time),Best Financial Hack,Capital One,2.7
FinEd,https://technica-2023.devpost.com/submissions/444684-fined,,,MLH Prizes,MLH,2.7
CashIQ,https://technica-2023.devpost.com/submissions/444731-cashiq,Sun Oct 22 2023 12:00:00 GMT-0400 (Eastern Daylight Time),Sun Oct 22 2023 12:04:00 GMT-0400 (Eastern Daylight Time),Best Beginner Hack (Middle & High School),Technica,3.1
CashIQ,https://technica-2023.devpost.com/submissions/444731-cashiq,Sun Oct 22 2023 12:04:00 GMT-0400 (Eastern Daylight Time),Sun Oct 22 2023 12:08:00 GMT-0400 (Eastern Daylight Time),Best Use of FinTech,T. Rowe Price,3.1
CashIQ,https://technica-2023.devpost.com/submissions/444731-cashiq,Sun Oct 22 2023 12:20:00 GMT-0400 (Eastern Daylight Time),Sun Oct 22 2023 12:24:00 GMT-0400 (Eastern Daylight Time),Best Financial Hack,Capital One,3.1
SustainU,https://technica-2023.devpost.com/submissions/444733-sustainu,Sun Oct 22 2023 12:08:00 GMT-0400 (Eastern Daylight Time),Sun Oct 22 2023 12:12:00 GMT-0400 (Eastern Daylight Time),Best Education Hack,Technica,https://app.gather.town/app/2x7GW9NhurfCG9pf/Technica%202023-2024?spawnToken=BSmzOgRfSw6aaiRle3HX
SustainU,https://technica-2023.devpost.com/submissions/444733-sustainu,Sun Oct 22 2023 12:04:00 GMT-0400 (Eastern Daylight Time),Sun Oct 22 2023 12:08:00 GMT-0400 (Eastern Daylight Time),Best UI/UX Hack,Technica,https://app.gather.town/app/2x7GW9NhurfCG9pf/Technica%202023-2024?spawnToken=9_-SdnUWRBmVbAJZ03IP
SustainU,https://technica-2023.devpost.com/submissions/444733-sustainu,Sun Oct 22 2023 12:12:00 GMT-0400 (Eastern Daylight Time),Sun Oct 22 2023 12:16:00 GMT-0400 (Eastern Daylight Time),Best Social Good Hack,Technica,https://app.gather.town/app/2x7GW9NhurfCG9pf/Technica%202023-2024?spawnToken=F3O8WYesQ3aMLgCFevNq
SustainU,https://technica-2023.devpost.com/submissions/444733-sustainu,Sun Oct 22 2023 12:00:00 GMT-0400 (Eastern Daylight Time),Sun Oct 22 2023 12:04:00 GMT-0400 (Eastern Daylight Time),Best Use of FinTech,T. Rowe Price,https://app.gather.town/app/2x7GW9NhurfCG9pf/Technica%202023-2024?spawnToken=IrPGEyT_Q8CmHheZ1QEN
SustainU,https://technica-2023.devpost.com/submissions/444733-sustainu,Sun Oct 22 2023 12:20:00 GMT-0400 (Eastern Daylight Time),Sun Oct 22 2023 12:24:00 GMT-0400 (Eastern Daylight Time),Best Hack for Sustainability,Optiver,https://app.gather.town/app/2x7GW9NhurfCG9pf/Technica%202023-2024?spawnToken=I9cykNv1QkecnTqvd0D4
SustainU,https://technica-2023.devpost.com/submissions/444733-sustainu,Sun Oct 22 2023 12:16:00 GMT-0400 (Eastern Daylight Time),Sun Oct 22 2023 12:20:00 GMT-0400 (Eastern Daylight Time),Best Financial Hack,Capital One,https://app.gather.town/app/2x7GW9NhurfCG9pf/Technica%202023-2024?spawnToken=yN2qcnSpR7-_3FnrfGEY
RecyCAN,https://technica-2023.devpost.com/submissions/444737-recycan,Sun Oct 22 2023 12:12:00 GMT-0400 (Eastern Daylight Time),Sun Oct 22 2023 12:16:00 GMT-0400 (Eastern Daylight Time),Best UI/UX Hack,Technica,3.2
RecyCAN,https://technica-2023.devpost.com/submissions/444737-recycan,Sun Oct 22 2023 12:04:00 GMT-0400 (Eastern Daylight Time),Sun Oct 22 2023 12:08:00 GMT-0400 (Eastern Daylight Time),Best Beginner Hack (Middle & High School),Technica,3.2
RecyCAN,https://technica-2023.devpost.com/submissions/444737-recycan,Sun Oct 22 2023 12:08:00 GMT-0400 (Eastern Daylight Time),Sun Oct 22 2023 12:12:00 GMT-0400 (Eastern Daylight Time),Best Social Good Hack,Technica,3.2
RecyCAN,https://technica-2023.devpost.com/submissions/444737-recycan,Sun Oct 22 2023 12:00:00 GMT-0400 (Eastern Daylight Time),Sun Oct 22 2023 12:04:00 GMT-0400 (Eastern Daylight Time),Best Hack for Sustainability,Optiver,3.2
RecyCAN,https://technica-2023.devpost.com/submissions/444737-recycan,Sun Oct 22 2023 12:24:00 GMT-0400 (Eastern Daylight Time),Sun Oct 22 2023 12:28:00 GMT-0400 (Eastern Daylight Time),Best Hack Promoting Education or Public Health,Bloomberg,3.2
Cultural Delights,https://technica-2023.devpost.com/submissions/444767-cultural-delights,Sun Oct 22 2023 12:16:00 GMT-0400 (Eastern Daylight Time),Sun Oct 22 2023 12:20:00 GMT-0400 (Eastern Daylight Time),Best Education Hack,Technica,3.3
Cultural Delights,https://technica-2023.devpost.com/submissions/444767-cultural-delights,Sun Oct 22 2023 12:20:00 GMT-0400 (Eastern Daylight Time),Sun Oct 22 2023 12:24:00 GMT-0400 (Eastern Daylight Time),Best UI/UX Hack,Technica,3.3
Cultural Delights,https://technica-2023.devpost.com/submissions/444767-cultural-delights,Sun Oct 22 2023 12:04:00 GMT-0400 (Eastern Daylight Time),Sun Oct 22 2023 12:08:00 GMT-0400 (Eastern Daylight Time),Best Hack Promoting Education or Public Health,Bloomberg,3.3
Filings Forecaster,https://technica-2023.devpost.com/submissions/444770-filings-forecaster,Sun Oct 22 2023 12:20:00 GMT-0400 (Eastern Daylight Time),Sun Oct 22 2023 12:24:00 GMT-0400 (Eastern Daylight Time),Best Education Hack,Technica,3.4
Filings Forecaster,https://technica-2023.devpost.com/submissions/444770-filings-forecaster,Sun Oct 22 2023 12:16:00 GMT-0400 (Eastern Daylight Time),Sun Oct 22 2023 12:20:00 GMT-0400 (Eastern Daylight Time),Best UI/UX Hack,Technica,3.4
Filings Forecaster,https://technica-2023.devpost.com/submissions/444770-filings-forecaster,Sun Oct 22 2023 12:28:00 GMT-0400 (Eastern Daylight Time),Sun Oct 22 2023 12:32:00 GMT-0400 (Eastern Daylight Time),Best Hack Promoting Education or Public Health,Bloomberg,3.4
Filings Forecaster,https://technica-2023.devpost.com/submissions/444770-filings-forecaster,Sun Oct 22 2023 12:00:00 GMT-0400 (Eastern Daylight Time),Sun Oct 22 2023 12:04:00 GMT-0400 (Eastern Daylight Time),Best AI Powered Solution,Bloomberg Industry Group,3.4
Filings Forecaster,https://technica-2023.devpost.com/submissions/444770-filings-forecaster,,,MLH Prizes,MLH,3.4
UMDiagrams,https://technica-2023.devpost.com/submissions/444836-umdiagrams,Sun Oct 22 2023 12:24:00 GMT-0400 (Eastern Daylight Time),Sun Oct 22 2023 12:28:00 GMT-0400 (Eastern Daylight Time),Best Education Hack,Technica,3.5
UMDiagrams,https://technica-2023.devpost.com/submissions/444836-umdiagrams,Sun Oct 22 2023 12:08:00 GMT-0400 (Eastern Daylight Time),Sun Oct 22 2023 12:12:00 GMT-0400 (Eastern Daylight Time),Best Beginner Hack (College),Technica,3.5
jellybeanz,https://technica-2023.devpost.com/submissions/444869-jellybeanz,Sun Oct 22 2023 12:24:00 GMT-0400 (Eastern Daylight Time),Sun Oct 22 2023 12:28:00 GMT-0400 (Eastern Daylight Time),Best UI/UX Hack,Technica,3.6
jellybeanz,https://technica-2023.devpost.com/submissions/444869-jellybeanz,Sun Oct 22 2023 12:00:00 GMT-0400 (Eastern Daylight Time),Sun Oct 22 2023 12:04:00 GMT-0400 (Eastern Daylight Time),Best Startup Track Hack,Technica,3.6
jellybeanz,https://technica-2023.devpost.com/submissions/444869-jellybeanz,Sun Oct 22 2023 12:28:00 GMT-0400 (Eastern Daylight Time),Sun Oct 22 2023 12:32:00 GMT-0400 (Eastern Daylight Time),Best Financial Hack,Capital One,3.6
OutbreakGuardian,https://technica-2023.devpost.com/submissions/444872-outbreakguardian,Sun Oct 22 2023 12:28:00 GMT-0400 (Eastern Daylight Time),Sun Oct 22 2023 12:32:00 GMT-0400 (Eastern Daylight Time),Best UI/UX Hack,Technica,3.7
OutbreakGuardian,https://technica-2023.devpost.com/submissions/444872-outbreakguardian,Sun Oct 22 2023 12:12:00 GMT-0400 (Eastern Daylight Time),Sun Oct 22 2023 12:16:00 GMT-0400 (Eastern Daylight Time),Best Beginner Hack (College),Technica,3.7
OutbreakGuardian,https://technica-2023.devpost.com/submissions/444872-outbreakguardian,Sun Oct 22 2023 12:08:00 GMT-0400 (Eastern Daylight Time),Sun Oct 22 2023 12:12:00 GMT-0400 (Eastern Daylight Time),Best Accessibility Solution,Technica,3.7
OutbreakGuardian,https://technica-2023.devpost.com/submissions/444872-outbreakguardian,Sun Oct 22 2023 12:04:00 GMT-0400 (Eastern Daylight Time),Sun Oct 22 2023 12:08:00 GMT-0400 (Eastern Daylight Time),Best Hack for Sustainability,Optiver,3.7
OutbreakGuardian,https://technica-2023.devpost.com/submissions/444872-outbreakguardian,Sun Oct 22 2023 12:32:00 GMT-0400 (Eastern Daylight Time),Sun Oct 22 2023 12:36:00 GMT-0400 (Eastern Daylight Time),Best Hack Promoting Education or Public Health,Bloomberg,3.7
WHH Women's Health Helper,https://technica-2023.devpost.com/submissions/444885-whh-women-s-health-helper,Sun Oct 22 2023 12:28:00 GMT-0400 (Eastern Daylight Time),Sun Oct 22 2023 12:32:00 GMT-0400 (Eastern Daylight Time),Best Education Hack,Technica,3.8
WHH Women's Health Helper,https://technica-2023.devpost.com/submissions/444885-whh-women-s-health-helper,Sun Oct 22 2023 12:32:00 GMT-0400 (Eastern Daylight Time),Sun Oct 22 2023 12:36:00 GMT-0400 (Eastern Daylight Time),Best UI/UX Hack,Technica,3.8
WHH Women's Health Helper,https://technica-2023.devpost.com/submissions/444885-whh-women-s-health-helper,Sun Oct 22 2023 12:12:00 GMT-0400 (Eastern Daylight Time),Sun Oct 22 2023 12:16:00 GMT-0400 (Eastern Daylight Time),Best Social Good Hack,Technica,3.8
SnapBot,https://technica-2023.devpost.com/submissions/444886-snapbot,Sun Oct 22 2023 12:00:00 GMT-0400 (Eastern Daylight Time),Sun Oct 22 2023 12:04:00 GMT-0400 (Eastern Daylight Time),Best Gamification Hack - Create Your Own Reality,Technica,4.1
SnapBot,https://technica-2023.devpost.com/submissions/444886-snapbot,Sun Oct 22 2023 12:12:00 GMT-0400 (Eastern Daylight Time),Sun Oct 22 2023 12:16:00 GMT-0400 (Eastern Daylight Time),Best Accessibility Solution,Technica,4.1
SnapBot,https://technica-2023.devpost.com/submissions/444886-snapbot,Sun Oct 22 2023 12:16:00 GMT-0400 (Eastern Daylight Time),Sun Oct 22 2023 12:20:00 GMT-0400 (Eastern Daylight Time),Best Startup Track Hack,Technica,4.1
SnapBot,https://technica-2023.devpost.com/submissions/444886-snapbot,Sun Oct 22 2023 12:08:00 GMT-0400 (Eastern Daylight Time),Sun Oct 22 2023 12:12:00 GMT-0400 (Eastern Daylight Time),Best Use of FinTech,T. Rowe Price,4.1
SnapBot,https://technica-2023.devpost.com/submissions/444886-snapbot,Sun Oct 22 2023 12:24:00 GMT-0400 (Eastern Daylight Time),Sun Oct 22 2023 12:28:00 GMT-0400 (Eastern Daylight Time),Best Financial Hack,Capital One,4.1
SnapBot,https://technica-2023.devpost.com/submissions/444886-snapbot,,,MLH Prizes,MLH,4.1
Climate Change Coastline Tool (CCCT),https://technica-2023.devpost.com/submissions/444906-climate-change-coastline-tool-ccct,Sun Oct 22 2023 12:04:00 GMT-0400 (Eastern Daylight Time),Sun Oct 22 2023 12:08:00 GMT-0400 (Eastern Daylight Time),Best Social Good Hack,Technica,https://app.gather.town/app/2x7GW9NhurfCG9pf/Technica%202023-2024?spawnToken=F3O8WYesQ3aMLgCFevNq
Climate Change Coastline Tool (CCCT),https://technica-2023.devpost.com/submissions/444906-climate-change-coastline-tool-ccct,Sun Oct 22 2023 12:00:00 GMT-0400 (Eastern Daylight Time),Sun Oct 22 2023 12:04:00 GMT-0400 (Eastern Daylight Time),Best Beginner Hack (College),Technica,https://app.gather.town/app/2x7GW9NhurfCG9pf/Technica%202023-2024?spawnToken=jya3rsCWQ2iRdOHUijIo
Climate Change Coastline Tool (CCCT),https://technica-2023.devpost.com/submissions/444906-climate-change-coastline-tool-ccct,Sun Oct 22 2023 12:08:00 GMT-0400 (Eastern Daylight Time),Sun Oct 22 2023 12:12:00 GMT-0400 (Eastern Daylight Time),Best Startup Track Hack,Technica,https://app.gather.town/app/2x7GW9NhurfCG9pf/Technica%202023-2024?spawnToken=GtOloWdhST-5pf0G3n1I
Climate Change Coastline Tool (CCCT),https://technica-2023.devpost.com/submissions/444906-climate-change-coastline-tool-ccct,Sun Oct 22 2023 12:12:00 GMT-0400 (Eastern Daylight Time),Sun Oct 22 2023 12:16:00 GMT-0400 (Eastern Daylight Time),Best Hack for Sustainability,Optiver,https://app.gather.town/app/2x7GW9NhurfCG9pf/Technica%202023-2024?spawnToken=I9cykNv1QkecnTqvd0D4
Climate Change Coastline Tool (CCCT),https://technica-2023.devpost.com/submissions/444906-climate-change-coastline-tool-ccct,Sun Oct 22 2023 12:16:00 GMT-0400 (Eastern Daylight Time),Sun Oct 22 2023 12:20:00 GMT-0400 (Eastern Daylight Time),Climate Change Sentiment Analysis and Impacts on Housing,Fannie Mae,https://app.gather.town/app/2x7GW9NhurfCG9pf/Technica%202023-2024?spawnToken=r7yzD6LMSfKznT00-EUH
MLS Discord Bot,https://technica-2023.devpost.com/submissions/444940-mls-discord-bot,Sun Oct 22 2023 12:12:00 GMT-0400 (Eastern Daylight Time),Sun Oct 22 2023 12:16:00 GMT-0400 (Eastern Daylight Time),Best Beginner Hack (College),Technica,https://app.gather.town/app/2x7GW9NhurfCG9pf/Technica%202023-2024?spawnToken=jya3rsCWQ2iRdOHUijIo
Cave Game,https://technica-2023.devpost.com/submissions/444970-cave-game,Sun Oct 22 2023 12:36:00 GMT-0400 (Eastern Daylight Time),Sun Oct 22 2023 12:40:00 GMT-0400 (Eastern Daylight Time),Best UI/UX Hack,Technica,4.2
Cave Game,https://technica-2023.devpost.com/submissions/444970-cave-game,Sun Oct 22 2023 12:16:00 GMT-0400 (Eastern Daylight Time),Sun Oct 22 2023 12:20:00 GMT-0400 (Eastern Daylight Time),Best Social Good Hack,Technica,4.2
Cave Game,https://technica-2023.devpost.com/submissions/444970-cave-game,Sun Oct 22 2023 12:04:00 GMT-0400 (Eastern Daylight Time),Sun Oct 22 2023 12:08:00 GMT-0400 (Eastern Daylight Time),Best Active-Wellness/Health Hack - Herbal Apothecary,Technica,4.2
Reality Quizzes by Tessa & Emily,https://technica-2023.devpost.com/submissions/444971-reality-quizzes-by-tessa-emily,Sun Oct 22 2023 12:08:00 GMT-0400 (Eastern Daylight Time),Sun Oct 22 2023 12:12:00 GMT-0400 (Eastern Daylight Time),Best Beginner Hack (Middle & High School),Technica,4.3
Reality Quizzes by Tessa & Emily,https://technica-2023.devpost.com/submissions/444971-reality-quizzes-by-tessa-emily,Sun Oct 22 2023 12:36:00 GMT-0400 (Eastern Daylight Time),Sun Oct 22 2023 12:40:00 GMT-0400 (Eastern Daylight Time),Best Hack Promoting Education or Public Health,Bloomberg,4.3
Endangered Wildlife Tracker,https://technica-2023.devpost.com/submissions/444972-endangered-wildlife-tracker,Sun Oct 22 2023 12:12:00 GMT-0400 (Eastern Daylight Time),Sun Oct 22 2023 12:16:00 GMT-0400 (Eastern Daylight Time),Best Education Hack,Technica,https://app.gather.town/app/2x7GW9NhurfCG9pf/Technica%202023-2024?spawnToken=BSmzOgRfSw6aaiRle3HX
Endangered Wildlife Tracker,https://technica-2023.devpost.com/submissions/444972-endangered-wildlife-tracker,Sun Oct 22 2023 12:08:00 GMT-0400 (Eastern Daylight Time),Sun Oct 22 2023 12:12:00 GMT-0400 (Eastern Daylight Time),Best Social Good Hack,Technica,https://app.gather.town/app/2x7GW9NhurfCG9pf/Technica%202023-2024?spawnToken=F3O8WYesQ3aMLgCFevNq
Endangered Wildlife Tracker,https://technica-2023.devpost.com/submissions/444972-endangered-wildlife-tracker,Sun Oct 22 2023 12:24:00 GMT-0400 (Eastern Daylight Time),Sun Oct 22 2023 12:28:00 GMT-0400 (Eastern Daylight Time),Best Hack for Sustainability,Optiver,https://app.gather.town/app/2x7GW9NhurfCG9pf/Technica%202023-2024?spawnToken=I9cykNv1QkecnTqvd0D4
Colea,https://technica-2023.devpost.com/submissions/444973-colea,Sun Oct 22 2023 12:12:00 GMT-0400 (Eastern Daylight Time),Sun Oct 22 2023 12:16:00 GMT-0400 (Eastern Daylight Time),Best Beginner Hack (Middle & High School),Technica,4.4
Colea,https://technica-2023.devpost.com/submissions/444973-colea,Sun Oct 22 2023 12:04:00 GMT-0400 (Eastern Daylight Time),Sun Oct 22 2023 12:08:00 GMT-0400 (Eastern Daylight Time),Best Gamification Hack - Create Your Own Reality,Technica,4.4
Altify,https://technica-2023.devpost.com/submissions/444978-altify,Sun Oct 22 2023 12:20:00 GMT-0400 (Eastern Daylight Time),Sun Oct 22 2023 12:24:00 GMT-0400 (Eastern Daylight Time),Best Social Good Hack,Technica,4.5
Altify,https://technica-2023.devpost.com/submissions/444978-altify,Sun Oct 22 2023 12:16:00 GMT-0400 (Eastern Daylight Time),Sun Oct 22 2023 12:20:00 GMT-0400 (Eastern Daylight Time),Best Accessibility Solution,Technica,4.5
Altify,https://technica-2023.devpost.com/submissions/444978-altify,,,MLH Prizes,MLH,4.5
Discrimination in the Workforce,https://technica-2023.devpost.com/submissions/444981-discrimination-in-the-workforce,Sun Oct 22 2023 12:32:00 GMT-0400 (Eastern Daylight Time),Sun Oct 22 2023 12:36:00 GMT-0400 (Eastern Daylight Time),Best Education Hack,Technica,4.6
Discrimination in the Workforce,https://technica-2023.devpost.com/submissions/444981-discrimination-in-the-workforce,Sun Oct 22 2023 12:16:00 GMT-0400 (Eastern Daylight Time),Sun Oct 22 2023 12:20:00 GMT-0400 (Eastern Daylight Time),Best Beginner Hack (Middle & High School),Technica,4.6
Discrimination in the Workforce,https://technica-2023.devpost.com/submissions/444981-discrimination-in-the-workforce,Sun Oct 22 2023 12:24:00 GMT-0400 (Eastern Daylight Time),Sun Oct 22 2023 12:28:00 GMT-0400 (Eastern Daylight Time),Best Social Good Hack,Technica,4.6
AI Climate Trends and Solutions,https://technica-2023.devpost.com/submissions/444988-ai-climate-trends-and-solutions,Sun Oct 22 2023 12:36:00 GMT-0400 (Eastern Daylight Time),Sun Oct 22 2023 12:40:00 GMT-0400 (Eastern Daylight Time),Best Education Hack,Technica,4.7
AI Climate Trends and Solutions,https://technica-2023.devpost.com/submissions/444988-ai-climate-trends-and-solutions,Sun Oct 22 2023 12:20:00 GMT-0400 (Eastern Daylight Time),Sun Oct 22 2023 12:24:00 GMT-0400 (Eastern Daylight Time),Best Beginner Hack (Middle & High School),Technica,4.7
AI Climate Trends and Solutions,https://technica-2023.devpost.com/submissions/444988-ai-climate-trends-and-solutions,Sun Oct 22 2023 12:28:00 GMT-0400 (Eastern Daylight Time),Sun Oct 22 2023 12:32:00 GMT-0400 (Eastern Daylight Time),Best Social Good Hack,Technica,4.7
AI Climate Trends and Solutions,https://technica-2023.devpost.com/submissions/444988-ai-climate-trends-and-solutions,Sun Oct 22 2023 12:08:00 GMT-0400 (Eastern Daylight Time),Sun Oct 22 2023 12:12:00 GMT-0400 (Eastern Daylight Time),Best Hack for Sustainability,Optiver,4.7
AI Climate Trends and Solutions,https://technica-2023.devpost.com/submissions/444988-ai-climate-trends-and-solutions,Sun Oct 22 2023 12:40:00 GMT-0400 (Eastern Daylight Time),Sun Oct 22 2023 12:44:00 GMT-0400 (Eastern Daylight Time),Best Hack Promoting Education or Public Health,Bloomberg,4.7
AI Climate Trends and Solutions,https://technica-2023.devpost.com/submissions/444988-ai-climate-trends-and-solutions,,,MLH Prizes,MLH,4.7
SafeSites,https://technica-2023.devpost.com/submissions/444990-safesites,Sun Oct 22 2023 12:40:00 GMT-0400 (Eastern Daylight Time),Sun Oct 22 2023 12:44:00 GMT-0400 (Eastern Daylight Time),Best UI/UX Hack,Technica,4.8
SafeSites,https://technica-2023.devpost.com/submissions/444990-safesites,Sun Oct 22 2023 12:16:00 GMT-0400 (Eastern Daylight Time),Sun Oct 22 2023 12:20:00 GMT-0400 (Eastern Daylight Time),Best Beginner Hack (College),Technica,4.8
SafeSites,https://technica-2023.devpost.com/submissions/444990-safesites,Sun Oct 22 2023 12:12:00 GMT-0400 (Eastern Daylight Time),Sun Oct 22 2023 12:16:00 GMT-0400 (Eastern Daylight Time),Best Gamification Hack - Create Your Own Reality,Technica,4.8
SafeSites,https://technica-2023.devpost.com/submissions/444990-safesites,,,MLH Prizes,MLH,4.8
Crime Owl,https://technica-2023.devpost.com/submissions/444991-crime-owl,Sun Oct 22 2023 12:40:00 GMT-0400 (Eastern Daylight Time),Sun Oct 22 2023 12:44:00 GMT-0400 (Eastern Daylight Time),Best Education Hack,Technica,5.1
Crime Owl,https://technica-2023.devpost.com/submissions/444991-crime-owl,Sun Oct 22 2023 12:44:00 GMT-0400 (Eastern Daylight Time),Sun Oct 22 2023 12:48:00 GMT-0400 (Eastern Daylight Time),Best UI/UX Hack,Technica,5.1
Crime Owl,https://technica-2023.devpost.com/submissions/444991-crime-owl,Sun Oct 22 2023 12:32:00 GMT-0400 (Eastern Daylight Time),Sun Oct 22 2023 12:36:00 GMT-0400 (Eastern Daylight Time),Best Social Good Hack,Technica,5.1
Crime Owl,https://technica-2023.devpost.com/submissions/444991-crime-owl,Sun Oct 22 2023 12:48:00 GMT-0400 (Eastern Daylight Time),Sun Oct 22 2023 12:52:00 GMT-0400 (Eastern Daylight Time),Best Hack Promoting Education or Public Health,Bloomberg,5.1
Crime Owl,https://technica-2023.devpost.com/submissions/444991-crime-owl,,,MLH Prizes,MLH,5.1
Cloud Box,https://technica-2023.devpost.com/submissions/444992-cloud-box,Sun Oct 22 2023 12:48:00 GMT-0400 (Eastern Daylight Time),Sun Oct 22 2023 12:52:00 GMT-0400 (Eastern Daylight Time),Best UI/UX Hack,Technica,5.2
Cloud Box,https://technica-2023.devpost.com/submissions/444992-cloud-box,Sun Oct 22 2023 12:36:00 GMT-0400 (Eastern Daylight Time),Sun Oct 22 2023 12:40:00 GMT-0400 (Eastern Daylight Time),Best Social Good Hack,Technica,5.2
Cloud Box,https://technica-2023.devpost.com/submissions/444992-cloud-box,,,MLH Prizes,MLH,5.2
uhmActually - discord bot,https://technica-2023.devpost.com/submissions/444993-uhmactually-discord-bot,Sun Oct 22 2023 12:44:00 GMT-0400 (Eastern Daylight Time),Sun Oct 22 2023 12:48:00 GMT-0400 (Eastern Daylight Time),Best Education Hack,Technica,5.3
uhmActually - discord bot,https://technica-2023.devpost.com/submissions/444993-uhmactually-discord-bot,Sun Oct 22 2023 12:24:00 GMT-0400 (Eastern Daylight Time),Sun Oct 22 2023 12:28:00 GMT-0400 (Eastern Daylight Time),Best Beginner Hack (Middle & High School),Technica,5.3
uhmActually - discord bot,https://technica-2023.devpost.com/submissions/444993-uhmactually-discord-bot,Sun Oct 22 2023 12:16:00 GMT-0400 (Eastern Daylight Time),Sun Oct 22 2023 12:20:00 GMT-0400 (Eastern Daylight Time),Best Gamification Hack - Create Your Own Reality,Technica,5.3
RUMoneyWize,https://technica-2023.devpost.com/submissions/444994-rumoneywize,Sun Oct 22 2023 12:52:00 GMT-0400 (Eastern Daylight Time),Sun Oct 22 2023 12:56:00 GMT-0400 (Eastern Daylight Time),Best UI/UX Hack,Technica,5.4
RUMoneyWize,https://technica-2023.devpost.com/submissions/444994-rumoneywize,Sun Oct 22 2023 12:20:00 GMT-0400 (Eastern Daylight Time),Sun Oct 22 2023 12:24:00 GMT-0400 (Eastern Daylight Time),Best Beginner Hack (College),Technica,5.4
RUMoneyWize,https://technica-2023.devpost.com/submissions/444994-rumoneywize,Sun Oct 22 2023 12:00:00 GMT-0400 (Eastern Daylight Time),Sun Oct 22 2023 12:04:00 GMT-0400 (Eastern Daylight Time),Best Financial Hack,Capital One,5.4
Cyber Wizards,https://technica-2023.devpost.com/submissions/444995-cyber-wizards,Sun Oct 22 2023 12:48:00 GMT-0400 (Eastern Daylight Time),Sun Oct 22 2023 12:52:00 GMT-0400 (Eastern Daylight Time),Best Education Hack,Technica,5.5
LevelUp,https://technica-2023.devpost.com/submissions/444996-levelup,Sun Oct 22 2023 12:24:00 GMT-0400 (Eastern Daylight Time),Sun Oct 22 2023 12:28:00 GMT-0400 (Eastern Daylight Time),Best Beginner Hack (College),Technica,5.6
LevelUp,https://technica-2023.devpost.com/submissions/444996-levelup,Sun Oct 22 2023 12:20:00 GMT-0400 (Eastern Daylight Time),Sun Oct 22 2023 12:24:00 GMT-0400 (Eastern Daylight Time),Best Gamification Hack - Create Your Own Reality,Technica,5.6
LevelUp,https://technica-2023.devpost.com/submissions/444996-levelup,Sun Oct 22 2023 12:28:00 GMT-0400 (Eastern Daylight Time),Sun Oct 22 2023 12:32:00 GMT-0400 (Eastern Daylight Time),Best Accessibility Solution,Technica,5.6
LevelUp,https://technica-2023.devpost.com/submissions/444996-levelup,Sun Oct 22 2023 12:44:00 GMT-0400 (Eastern Daylight Time),Sun Oct 22 2023 12:48:00 GMT-0400 (Eastern Daylight Time),Best Hack Promoting Education or Public Health,Bloomberg,5.6
ArtiLife,https://technica-2023.devpost.com/submissions/444997-artilife,Sun Oct 22 2023 12:16:00 GMT-0400 (Eastern Daylight Time),Sun Oct 22 2023 12:20:00 GMT-0400 (Eastern Daylight Time),Best Education Hack,Technica,https://app.gather.town/app/2x7GW9NhurfCG9pf/Technica%202023-2024?spawnToken=BSmzOgRfSw6aaiRle3HX
ArtiLife,https://technica-2023.devpost.com/submissions/444997-artilife,Sun Oct 22 2023 12:08:00 GMT-0400 (Eastern Daylight Time),Sun Oct 22 2023 12:12:00 GMT-0400 (Eastern Daylight Time),Best UI/UX Hack,Technica,https://app.gather.town/app/2x7GW9NhurfCG9pf/Technica%202023-2024?spawnToken=9_-SdnUWRBmVbAJZ03IP
ArtiLife,https://technica-2023.devpost.com/submissions/444997-artilife,Sun Oct 22 2023 12:20:00 GMT-0400 (Eastern Daylight Time),Sun Oct 22 2023 12:24:00 GMT-0400 (Eastern Daylight Time),Best Social Good Hack,Technica,https://app.gather.town/app/2x7GW9NhurfCG9pf/Technica%202023-2024?spawnToken=F3O8WYesQ3aMLgCFevNq
ArtiLife,https://technica-2023.devpost.com/submissions/444997-artilife,Sun Oct 22 2023 12:28:00 GMT-0400 (Eastern Daylight Time),Sun Oct 22 2023 12:32:00 GMT-0400 (Eastern Daylight Time),Best Hack for Sustainability,Optiver,https://app.gather.town/app/2x7GW9NhurfCG9pf/Technica%202023-2024?spawnToken=I9cykNv1QkecnTqvd0D4
ArtiLife,https://technica-2023.devpost.com/submissions/444997-artilife,Sun Oct 22 2023 12:00:00 GMT-0400 (Eastern Daylight Time),Sun Oct 22 2023 12:04:00 GMT-0400 (Eastern Daylight Time),Best Hack Promoting Education or Public Health,Bloomberg,https://app.gather.town/app/2x7GW9NhurfCG9pf/Technica%202023-2024?spawnToken=IBOcPturRx6K1VSL8akC
ArtiLife,https://technica-2023.devpost.com/submissions/444997-artilife,Sun Oct 22 2023 12:04:00 GMT-0400 (Eastern Daylight Time),Sun Oct 22 2023 12:08:00 GMT-0400 (Eastern Daylight Time),Best Financial Hack,Capital One,https://app.gather.town/app/2x7GW9NhurfCG9pf/Technica%202023-2024?spawnToken=yN2qcnSpR7-_3FnrfGEY
The YesterYear,https://technica-2023.devpost.com/submissions/444999-the-yesteryear,Sun Oct 22 2023 12:40:00 GMT-0400 (Eastern Daylight Time),Sun Oct 22 2023 12:44:00 GMT-0400 (Eastern Daylight Time),Best Social Good Hack,Technica,5.7
The YesterYear,https://technica-2023.devpost.com/submissions/444999-the-yesteryear,Sun Oct 22 2023 12:28:00 GMT-0400 (Eastern Daylight Time),Sun Oct 22 2023 12:32:00 GMT-0400 (Eastern Daylight Time),Best Beginner Hack (College),Technica,5.7
The YesterYear,https://technica-2023.devpost.com/submissions/444999-the-yesteryear,Sun Oct 22 2023 12:24:00 GMT-0400 (Eastern Daylight Time),Sun Oct 22 2023 12:28:00 GMT-0400 (Eastern Daylight Time),Best Gamification Hack - Create Your Own Reality,Technica,5.7
Spyware Detection,https://technica-2023.devpost.com/submissions/445008-spyware-detection,Sun Oct 22 2023 12:52:00 GMT-0400 (Eastern Daylight Time),Sun Oct 22 2023 12:56:00 GMT-0400 (Eastern Daylight Time),Best Education Hack,Technica,5.8
Spyware Detection,https://technica-2023.devpost.com/submissions/445008-spyware-detection,Sun Oct 22 2023 12:56:00 GMT-0400 (Eastern Daylight Time),Sun Oct 22 2023 13:00:00 GMT-0400 (Eastern Daylight Time),Best UI/UX Hack,Technica,5.8
Spyware Detection,https://technica-2023.devpost.com/submissions/445008-spyware-detection,Sun Oct 22 2023 12:00:00 GMT-0400 (Eastern Daylight Time),Sun Oct 22 2023 12:04:00 GMT-0400 (Eastern Daylight Time),Most “Ever Vigilant” Hack Against Spyware,CACI International,5.8
Spyware Detection,https://technica-2023.devpost.com/submissions/445008-spyware-detection,Sun Oct 22 2023 13:00:00 GMT-0400 (Eastern Daylight Time),Sun Oct 22 2023 13:04:00 GMT-0400 (Eastern Daylight Time),Best Hack Promoting Education or Public Health,Bloomberg,5.8
Sustainability & SexEd,https://technica-2023.devpost.com/submissions/445033-sustainability-sexed,Sun Oct 22 2023 12:20:00 GMT-0400 (Eastern Daylight Time),Sun Oct 22 2023 12:24:00 GMT-0400 (Eastern Daylight Time),Best Education Hack,Technica,https://app.gather.town/app/2x7GW9NhurfCG9pf/Technica%202023-2024?spawnToken=BSmzOgRfSw6aaiRle3HX
Sustainability & SexEd,https://technica-2023.devpost.com/submissions/445033-sustainability-sexed,Sun Oct 22 2023 12:12:00 GMT-0400 (Eastern Daylight Time),Sun Oct 22 2023 12:16:00 GMT-0400 (Eastern Daylight Time),Best UI/UX Hack,Technica,https://app.gather.town/app/2x7GW9NhurfCG9pf/Technica%202023-2024?spawnToken=9_-SdnUWRBmVbAJZ03IP
Sustainability & SexEd,https://technica-2023.devpost.com/submissions/445033-sustainability-sexed,Sun Oct 22 2023 12:16:00 GMT-0400 (Eastern Daylight Time),Sun Oct 22 2023 12:20:00 GMT-0400 (Eastern Daylight Time),Best Beginner Hack (College),Technica,https://app.gather.town/app/2x7GW9NhurfCG9pf/Technica%202023-2024?spawnToken=jya3rsCWQ2iRdOHUijIo
Sustainability & SexEd,https://technica-2023.devpost.com/submissions/445033-sustainability-sexed,Sun Oct 22 2023 12:04:00 GMT-0400 (Eastern Daylight Time),Sun Oct 22 2023 12:08:00 GMT-0400 (Eastern Daylight Time),Best Hack Promoting Education or Public Health,Bloomberg,https://app.gather.town/app/2x7GW9NhurfCG9pf/Technica%202023-2024?spawnToken=IBOcPturRx6K1VSL8akC
Creating a GoDaddy Registry for my Universities Hackathon,https://technica-2023.devpost.com/submissions/445042-creating-a-godaddy-registry-for-my-universities-hackathon,,,MLH Prizes,MLH,6.1
MatchAbility,https://technica-2023.devpost.com/submissions/445061-matchability,Sun Oct 22 2023 12:20:00 GMT-0400 (Eastern Daylight Time),Sun Oct 22 2023 12:24:00 GMT-0400 (Eastern Daylight Time),Best Accessibility Solution,Technica,6.2
MatchAbility,https://technica-2023.devpost.com/submissions/445061-matchability,Sun Oct 22 2023 12:52:00 GMT-0400 (Eastern Daylight Time),Sun Oct 22 2023 12:56:00 GMT-0400 (Eastern Daylight Time),Best Hack Promoting Education or Public Health,Bloomberg,6.2
MatchAbility,https://technica-2023.devpost.com/submissions/445061-matchability,,,MLH Prizes,MLH,6.2
Terp2Table,https://technica-2023.devpost.com/submissions/445080-terp2table,Sun Oct 22 2023 13:00:00 GMT-0400 (Eastern Daylight Time),Sun Oct 22 2023 13:04:00 GMT-0400 (Eastern Daylight Time),Best UI/UX Hack,Technica,6.3
Terp2Table,https://technica-2023.devpost.com/submissions/445080-terp2table,Sun Oct 22 2023 12:16:00 GMT-0400 (Eastern Daylight Time),Sun Oct 22 2023 12:20:00 GMT-0400 (Eastern Daylight Time),Best Hack for Sustainability,Optiver,6.3
Terp2Table,https://technica-2023.devpost.com/submissions/445080-terp2table,Sun Oct 22 2023 12:56:00 GMT-0400 (Eastern Daylight Time),Sun Oct 22 2023 13:00:00 GMT-0400 (Eastern Daylight Time),Best Hack Promoting Education or Public Health,Bloomberg,6.3
Codezilla,https://technica-2023.devpost.com/submissions/445115-codezilla,Sun Oct 22 2023 12:56:00 GMT-0400 (Eastern Daylight Time),Sun Oct 22 2023 13:00:00 GMT-0400 (Eastern Daylight Time),Best Education Hack,Technica,6.4
Codezilla,https://technica-2023.devpost.com/submissions/445115-codezilla,Sun Oct 22 2023 12:32:00 GMT-0400 (Eastern Daylight Time),Sun Oct 22 2023 12:36:00 GMT-0400 (Eastern Daylight Time),Best Beginner Hack (College),Technica,6.4
Codezilla,https://technica-2023.devpost.com/submissions/445115-codezilla,Sun Oct 22 2023 13:04:00 GMT-0400 (Eastern Daylight Time),Sun Oct 22 2023 13:08:00 GMT-0400 (Eastern Daylight Time),Best Hack Promoting Education or Public Health,Bloomberg,6.4
Wecycle,https://technica-2023.devpost.com/submissions/445137-wecycle,Sun Oct 22 2023 13:00:00 GMT-0400 (Eastern Daylight Time),Sun Oct 22 2023 13:04:00 GMT-0400 (Eastern Daylight Time),Best Education Hack,Technica,6.5
Wecycle,https://technica-2023.devpost.com/submissions/445137-wecycle,Sun Oct 22 2023 12:44:00 GMT-0400 (Eastern Daylight Time),Sun Oct 22 2023 12:48:00 GMT-0400 (Eastern Daylight Time),Best Social Good Hack,Technica,6.5
Wecycle,https://technica-2023.devpost.com/submissions/445137-wecycle,Sun Oct 22 2023 12:28:00 GMT-0400 (Eastern Daylight Time),Sun Oct 22 2023 12:32:00 GMT-0400 (Eastern Daylight Time),Best Gamification Hack - Create Your Own Reality,Technica,6.5
Wecycle,https://technica-2023.devpost.com/submissions/445137-wecycle,Sun Oct 22 2023 12:20:00 GMT-0400 (Eastern Daylight Time),Sun Oct 22 2023 12:24:00 GMT-0400 (Eastern Daylight Time),Best Hack for Sustainability,Optiver,6.5
Wecycle,https://technica-2023.devpost.com/submissions/445137-wecycle,,,MLH Prizes,MLH,6.5
Budget101,https://technica-2023.devpost.com/submissions/445158-budget101,Sun Oct 22 2023 12:24:00 GMT-0400 (Eastern Daylight Time),Sun Oct 22 2023 12:28:00 GMT-0400 (Eastern Daylight Time),Best Education Hack,Technica,https://app.gather.town/app/2x7GW9NhurfCG9pf/Technica%202023-2024?spawnToken=BSmzOgRfSw6aaiRle3HX
Budget101,https://technica-2023.devpost.com/submissions/445158-budget101,Sun Oct 22 2023 12:20:00 GMT-0400 (Eastern Daylight Time),Sun Oct 22 2023 12:24:00 GMT-0400 (Eastern Daylight Time),Best Beginner Hack (College),Technica,https://app.gather.town/app/2x7GW9NhurfCG9pf/Technica%202023-2024?spawnToken=jya3rsCWQ2iRdOHUijIo
Budget101,https://technica-2023.devpost.com/submissions/445158-budget101,Sun Oct 22 2023 12:00:00 GMT-0400 (Eastern Daylight Time),Sun Oct 22 2023 12:04:00 GMT-0400 (Eastern Daylight Time),Best Financial Hack,Capital One,https://app.gather.town/app/2x7GW9NhurfCG9pf/Technica%202023-2024?spawnToken=yN2qcnSpR7-_3FnrfGEY
Chicken Kitchen,https://technica-2023.devpost.com/submissions/445184-chicken-kitchen,Sun Oct 22 2023 12:24:00 GMT-0400 (Eastern Daylight Time),Sun Oct 22 2023 12:28:00 GMT-0400 (Eastern Daylight Time),Best Beginner Hack (College),Technica,https://app.gather.town/app/2x7GW9NhurfCG9pf/Technica%202023-2024?spawnToken=jya3rsCWQ2iRdOHUijIo
Climate Change Sentiment Analysis,https://technica-2023.devpost.com/submissions/445281-climate-change-sentiment-analysis,Sun Oct 22 2023 12:36:00 GMT-0400 (Eastern Daylight Time),Sun Oct 22 2023 12:40:00 GMT-0400 (Eastern Daylight Time),Best Beginner Hack (College),Technica,6.6
Climate Change Sentiment Analysis,https://technica-2023.devpost.com/submissions/445281-climate-change-sentiment-analysis,Sun Oct 22 2023 12:00:00 GMT-0400 (Eastern Daylight Time),Sun Oct 22 2023 12:04:00 GMT-0400 (Eastern Daylight Time),Climate Change Sentiment Analysis and Impacts on Housing,Fannie Mae,6.6
SustainaGO,https://technica-2023.devpost.com/submissions/445376-sustainago,Sun Oct 22 2023 13:04:00 GMT-0400 (Eastern Daylight Time),Sun Oct 22 2023 13:08:00 GMT-0400 (Eastern Daylight Time),Best UI/UX Hack,Technica,6.7
SustainaGO,https://technica-2023.devpost.com/submissions/445376-sustainago,Sun Oct 22 2023 12:12:00 GMT-0400 (Eastern Daylight Time),Sun Oct 22 2023 12:16:00 GMT-0400 (Eastern Daylight Time),Best Startup Track Hack,Technica,6.7
SustainaGO,https://technica-2023.devpost.com/submissions/445376-sustainago,Sun Oct 22 2023 12:24:00 GMT-0400 (Eastern Daylight Time),Sun Oct 22 2023 12:28:00 GMT-0400 (Eastern Daylight Time),Best Hack for Sustainability,Optiver,6.7
AccessBSU,https://technica-2023.devpost.com/submissions/445402-accessbsu,Sun Oct 22 2023 12:24:00 GMT-0400 (Eastern Daylight Time),Sun Oct 22 2023 12:28:00 GMT-0400 (Eastern Daylight Time),Best Accessibility Solution,Technica,6.8
AccessBSU,https://technica-2023.devpost.com/submissions/445402-accessbsu,Sun Oct 22 2023 12:28:00 GMT-0400 (Eastern Daylight Time),Sun Oct 22 2023 12:32:00 GMT-0400 (Eastern Daylight Time),Best Hack for Sustainability,Optiver,6.8
AccessBSU,https://technica-2023.devpost.com/submissions/445402-accessbsu,Sun Oct 22 2023 13:08:00 GMT-0400 (Eastern Daylight Time),Sun Oct 22 2023 13:12:00 GMT-0400 (Eastern Daylight Time),Best Hack Promoting Education or Public Health,Bloomberg,6.8
hello friend,https://technica-2023.devpost.com/submissions/445485-hello-friend,Sun Oct 22 2023 13:04:00 GMT-0400 (Eastern Daylight Time),Sun Oct 22 2023 13:08:00 GMT-0400 (Eastern Daylight Time),Best Education Hack,Technica,6.9
hello friend,https://technica-2023.devpost.com/submissions/445485-hello-friend,Sun Oct 22 2023 12:32:00 GMT-0400 (Eastern Daylight Time),Sun Oct 22 2023 12:36:00 GMT-0400 (Eastern Daylight Time),Best Gamification Hack - Create Your Own Reality,Technica,6.9
hello friend,https://technica-2023.devpost.com/submissions/445485-hello-friend,Sun Oct 22 2023 12:36:00 GMT-0400 (Eastern Daylight Time),Sun Oct 22 2023 12:40:00 GMT-0400 (Eastern Daylight Time),Best Accessibility Solution,Technica,6.9
FloraMap,https://technica-2023.devpost.com/submissions/445490-floramap,Sun Oct 22 2023 12:16:00 GMT-0400 (Eastern Daylight Time),Sun Oct 22 2023 12:20:00 GMT-0400 (Eastern Daylight Time),Best Social Good Hack,Technica,https://app.gather.town/app/2x7GW9NhurfCG9pf/Technica%202023-2024?spawnToken=F3O8WYesQ3aMLgCFevNq
FloraMap,https://technica-2023.devpost.com/submissions/445490-floramap,Sun Oct 22 2023 12:28:00 GMT-0400 (Eastern Daylight Time),Sun Oct 22 2023 12:32:00 GMT-0400 (Eastern Daylight Time),Best Beginner Hack (College),Technica,https://app.gather.town/app/2x7GW9NhurfCG9pf/Technica%202023-2024?spawnToken=jya3rsCWQ2iRdOHUijIo
FloraMap,https://technica-2023.devpost.com/submissions/445490-floramap,Sun Oct 22 2023 12:08:00 GMT-0400 (Eastern Daylight Time),Sun Oct 22 2023 12:12:00 GMT-0400 (Eastern Daylight Time),Best Hack for Sustainability,Optiver,https://app.gather.town/app/2x7GW9NhurfCG9pf/Technica%202023-2024?spawnToken=I9cykNv1QkecnTqvd0D4
Baker's Toolbox,https://technica-2023.devpost.com/submissions/445523-baker-s-toolbox,Sun Oct 22 2023 12:28:00 GMT-0400 (Eastern Daylight Time),Sun Oct 22 2023 12:32:00 GMT-0400 (Eastern Daylight Time),Best Education Hack,Technica,https://app.gather.town/app/2x7GW9NhurfCG9pf/Technica%202023-2024?spawnToken=BSmzOgRfSw6aaiRle3HX
Baker's Toolbox,https://technica-2023.devpost.com/submissions/445523-baker-s-toolbox,Sun Oct 22 2023 12:32:00 GMT-0400 (Eastern Daylight Time),Sun Oct 22 2023 12:36:00 GMT-0400 (Eastern Daylight Time),Best Beginner Hack (College),Technica,https://app.gather.town/app/2x7GW9NhurfCG9pf/Technica%202023-2024?spawnToken=jya3rsCWQ2iRdOHUijIo
Baker's Toolbox,https://technica-2023.devpost.com/submissions/445523-baker-s-toolbox,Sun Oct 22 2023 12:00:00 GMT-0400 (Eastern Daylight Time),Sun Oct 22 2023 12:04:00 GMT-0400 (Eastern Daylight Time),Best Accessibility Solution,Technica,https://app.gather.town/app/2x7GW9NhurfCG9pf/Technica%202023-2024?spawnToken=J9G88MheRua2bdRNEF7t
Baker's Toolbox,https://technica-2023.devpost.com/submissions/445523-baker-s-toolbox,Sun Oct 22 2023 12:08:00 GMT-0400 (Eastern Daylight Time),Sun Oct 22 2023 12:12:00 GMT-0400 (Eastern Daylight Time),Best Hack Promoting Education or Public Health,Bloomberg,https://app.gather.town/app/2x7GW9NhurfCG9pf/Technica%202023-2024?spawnToken=IBOcPturRx6K1VSL8akC
Sourcerer,https://technica-2023.devpost.com/submissions/445525-sourcerer,Sun Oct 22 2023 13:08:00 GMT-0400 (Eastern Daylight Time),Sun Oct 22 2023 13:12:00 GMT-0400 (Eastern Daylight Time),Best Education Hack,Technica,6.10
Sourcerer,https://technica-2023.devpost.com/submissions/445525-sourcerer,Sun Oct 22 2023 13:12:00 GMT-0400 (Eastern Daylight Time),Sun Oct 22 2023 13:16:00 GMT-0400 (Eastern Daylight Time),Best UI/UX Hack,Technica,6.10
Sourcerer,https://technica-2023.devpost.com/submissions/445525-sourcerer,Sun Oct 22 2023 12:40:00 GMT-0400 (Eastern Daylight Time),Sun Oct 22 2023 12:44:00 GMT-0400 (Eastern Daylight Time),Best Beginner Hack (College),Technica,6.10
Sourcerer,https://technica-2023.devpost.com/submissions/445525-sourcerer,Sun Oct 22 2023 13:16:00 GMT-0400 (Eastern Daylight Time),Sun Oct 22 2023 13:20:00 GMT-0400 (Eastern Daylight Time),Best Hack Promoting Education or Public Health,Bloomberg,6.10
NeuroNotes,https://technica-2023.devpost.com/submissions/445532-neuronotes,Sun Oct 22 2023 13:12:00 GMT-0400 (Eastern Daylight Time),Sun Oct 22 2023 13:16:00 GMT-0400 (Eastern Daylight Time),Best Education Hack,Technica,7.1
NeuroNotes,https://technica-2023.devpost.com/submissions/445532-neuronotes,Sun Oct 22 2023 12:48:00 GMT-0400 (Eastern Daylight Time),Sun Oct 22 2023 12:52:00 GMT-0400 (Eastern Daylight Time),Best Social Good Hack,Technica,7.1
NeuroNotes,https://technica-2023.devpost.com/submissions/445532-neuronotes,Sun Oct 22 2023 12:32:00 GMT-0400 (Eastern Daylight Time),Sun Oct 22 2023 12:36:00 GMT-0400 (Eastern Daylight Time),Best Accessibility Solution,Technica,7.1
NeuroNotes,https://technica-2023.devpost.com/submissions/445532-neuronotes,Sun Oct 22 2023 13:20:00 GMT-0400 (Eastern Daylight Time),Sun Oct 22 2023 13:24:00 GMT-0400 (Eastern Daylight Time),Best Hack Promoting Education or Public Health,Bloomberg,7.1
H.E.R.O.,https://technica-2023.devpost.com/submissions/445545-h-e-r-o,Sun Oct 22 2023 13:16:00 GMT-0400 (Eastern Daylight Time),Sun Oct 22 2023 13:20:00 GMT-0400 (Eastern Daylight Time),Best Education Hack,Technica,7.2
H.E.R.O.,https://technica-2023.devpost.com/submissions/445545-h-e-r-o,Sun Oct 22 2023 12:52:00 GMT-0400 (Eastern Daylight Time),Sun Oct 22 2023 12:56:00 GMT-0400 (Eastern Daylight Time),Best Social Good Hack,Technica,7.2
H.E.R.O.,https://technica-2023.devpost.com/submissions/445545-h-e-r-o,Sun Oct 22 2023 13:12:00 GMT-0400 (Eastern Daylight Time),Sun Oct 22 2023 13:16:00 GMT-0400 (Eastern Daylight Time),Best Hack Promoting Education or Public Health,Bloomberg,7.2
EcoScan,https://technica-2023.devpost.com/submissions/445575-ecoscan,Sun Oct 22 2023 13:20:00 GMT-0400 (Eastern Daylight Time),Sun Oct 22 2023 13:24:00 GMT-0400 (Eastern Daylight Time),Best Education Hack,Technica,7.3
EcoScan,https://technica-2023.devpost.com/submissions/445575-ecoscan,Sun Oct 22 2023 13:08:00 GMT-0400 (Eastern Daylight Time),Sun Oct 22 2023 13:12:00 GMT-0400 (Eastern Daylight Time),Best UI/UX Hack,Technica,7.3
EcoScan,https://technica-2023.devpost.com/submissions/445575-ecoscan,Sun Oct 22 2023 12:56:00 GMT-0400 (Eastern Daylight Time),Sun Oct 22 2023 13:00:00 GMT-0400 (Eastern Daylight Time),Best Social Good Hack,Technica,7.3
EcoScan,https://technica-2023.devpost.com/submissions/445575-ecoscan,Sun Oct 22 2023 12:12:00 GMT-0400 (Eastern Daylight Time),Sun Oct 22 2023 12:16:00 GMT-0400 (Eastern Daylight Time),Best Use of FinTech,T. Rowe Price,7.3
EcoScan,https://technica-2023.devpost.com/submissions/445575-ecoscan,Sun Oct 22 2023 12:32:00 GMT-0400 (Eastern Daylight Time),Sun Oct 22 2023 12:36:00 GMT-0400 (Eastern Daylight Time),Best Hack for Sustainability,Optiver,7.3
EcoScan,https://technica-2023.devpost.com/submissions/445575-ecoscan,Sun Oct 22 2023 13:24:00 GMT-0400 (Eastern Daylight Time),Sun Oct 22 2023 13:28:00 GMT-0400 (Eastern Daylight Time),Best Hack Promoting Education or Public Health,Bloomberg,7.3
EcoScan,https://technica-2023.devpost.com/submissions/445575-ecoscan,Sun Oct 22 2023 12:36:00 GMT-0400 (Eastern Daylight Time),Sun Oct 22 2023 12:40:00 GMT-0400 (Eastern Daylight Time),Best Financial Hack,Capital One,7.3
Tech Mogul Dating Sim (KAWAII WARNING!!!),https://technica-2023.devpost.com/submissions/445619-tech-mogul-dating-sim-kawaii-warning,Sun Oct 22 2023 13:16:00 GMT-0400 (Eastern Daylight Time),Sun Oct 22 2023 13:20:00 GMT-0400 (Eastern Daylight Time),Best UI/UX Hack,Technica,8.1
Tech Mogul Dating Sim (KAWAII WARNING!!!),https://technica-2023.devpost.com/submissions/445619-tech-mogul-dating-sim-kawaii-warning,Sun Oct 22 2023 12:28:00 GMT-0400 (Eastern Daylight Time),Sun Oct 22 2023 12:32:00 GMT-0400 (Eastern Daylight Time),Best Beginner Hack (Middle & High School),Technica,8.1
Tech Mogul Dating Sim (KAWAII WARNING!!!),https://technica-2023.devpost.com/submissions/445619-tech-mogul-dating-sim-kawaii-warning,Sun Oct 22 2023 12:36:00 GMT-0400 (Eastern Daylight Time),Sun Oct 22 2023 12:40:00 GMT-0400 (Eastern Daylight Time),Best Gamification Hack - Create Your Own Reality,Technica,8.1
Make Cents,https://technica-2023.devpost.com/submissions/445622-make-cents,Sun Oct 22 2023 13:24:00 GMT-0400 (Eastern Daylight Time),Sun Oct 22 2023 13:28:00 GMT-0400 (Eastern Daylight Time),Best Education Hack,Technica,8.2
Make Cents,https://technica-2023.devpost.com/submissions/445622-make-cents,Sun Oct 22 2023 13:20:00 GMT-0400 (Eastern Daylight Time),Sun Oct 22 2023 13:24:00 GMT-0400 (Eastern Daylight Time),Best UI/UX Hack,Technica,8.2
Make Cents,https://technica-2023.devpost.com/submissions/445622-make-cents,Sun Oct 22 2023 12:40:00 GMT-0400 (Eastern Daylight Time),Sun Oct 22 2023 12:44:00 GMT-0400 (Eastern Daylight Time),Best Gamification Hack - Create Your Own Reality,Technica,8.2
Make Cents,https://technica-2023.devpost.com/submissions/445622-make-cents,Sun Oct 22 2023 12:16:00 GMT-0400 (Eastern Daylight Time),Sun Oct 22 2023 12:20:00 GMT-0400 (Eastern Daylight Time),Best Use of FinTech,T. Rowe Price,8.2
Make Cents,https://technica-2023.devpost.com/submissions/445622-make-cents,Sun Oct 22 2023 13:28:00 GMT-0400 (Eastern Daylight Time),Sun Oct 22 2023 13:32:00 GMT-0400 (Eastern Daylight Time),Best Hack Promoting Education or Public Health,Bloomberg,8.2
Make Cents,https://technica-2023.devpost.com/submissions/445622-make-cents,Sun Oct 22 2023 12:32:00 GMT-0400 (Eastern Daylight Time),Sun Oct 22 2023 12:36:00 GMT-0400 (Eastern Daylight Time),Best Financial Hack,Capital One,8.2
when2eat,https://technica-2023.devpost.com/submissions/445634-when2eat,Sun Oct 22 2023 12:08:00 GMT-0400 (Eastern Daylight Time),Sun Oct 22 2023 12:12:00 GMT-0400 (Eastern Daylight Time),Best Active-Wellness/Health Hack - Herbal Apothecary,Technica,8.3
when2eat,https://technica-2023.devpost.com/submissions/445634-when2eat,Sun Oct 22 2023 13:32:00 GMT-0400 (Eastern Daylight Time),Sun Oct 22 2023 13:36:00 GMT-0400 (Eastern Daylight Time),Best Hack Promoting Education or Public Health,Bloomberg,8.3
Relationship-Check-In-App,https://technica-2023.devpost.com/submissions/445642-relationship-check-in-app,Sun Oct 22 2023 12:12:00 GMT-0400 (Eastern Daylight Time),Sun Oct 22 2023 12:16:00 GMT-0400 (Eastern Daylight Time),Best Active-Wellness/Health Hack - Herbal Apothecary,Technica,9.1
Relationship-Check-In-App,https://technica-2023.devpost.com/submissions/445642-relationship-check-in-app,Sun Oct 22 2023 12:20:00 GMT-0400 (Eastern Daylight Time),Sun Oct 22 2023 12:24:00 GMT-0400 (Eastern Daylight Time),Best Startup Track Hack,Technica,9.1
Relationship-Check-In-App,https://technica-2023.devpost.com/submissions/445642-relationship-check-in-app,Sun Oct 22 2023 13:36:00 GMT-0400 (Eastern Daylight Time),Sun Oct 22 2023 13:40:00 GMT-0400 (Eastern Daylight Time),Best Hack Promoting Education or Public Health,Bloomberg,9.1
Relationship-Check-In-App,https://technica-2023.devpost.com/submissions/445642-relationship-check-in-app,,,MLH Prizes,MLH,9.1
Flower of Life,https://technica-2023.devpost.com/submissions/445693-flower-of-life,Sun Oct 22 2023 13:24:00 GMT-0400 (Eastern Daylight Time),Sun Oct 22 2023 13:28:00 GMT-0400 (Eastern Daylight Time),Best UI/UX Hack,Technica,9.2
Flower of Life,https://technica-2023.devpost.com/submissions/445693-flower-of-life,Sun Oct 22 2023 12:16:00 GMT-0400 (Eastern Daylight Time),Sun Oct 22 2023 12:20:00 GMT-0400 (Eastern Daylight Time),Best Active-Wellness/Health Hack - Herbal Apothecary,Technica,9.2
Flower of Life,https://technica-2023.devpost.com/submissions/445693-flower-of-life,Sun Oct 22 2023 12:44:00 GMT-0400 (Eastern Daylight Time),Sun Oct 22 2023 12:48:00 GMT-0400 (Eastern Daylight Time),Best Gamification Hack - Create Your Own Reality,Technica,9.2
Flower of Life,https://technica-2023.devpost.com/submissions/445693-flower-of-life,Sun Oct 22 2023 12:36:00 GMT-0400 (Eastern Daylight Time),Sun Oct 22 2023 12:40:00 GMT-0400 (Eastern Daylight Time),Best Hack for Sustainability,Optiver,9.2
Flower of Life,https://technica-2023.devpost.com/submissions/445693-flower-of-life,Sun Oct 22 2023 13:40:00 GMT-0400 (Eastern Daylight Time),Sun Oct 22 2023 13:44:00 GMT-0400 (Eastern Daylight Time),Best Hack Promoting Education or Public Health,Bloomberg,9.2
Your Green Planet,https://technica-2023.devpost.com/submissions/445694-your-green-planet,Sun Oct 22 2023 13:28:00 GMT-0400 (Eastern Daylight Time),Sun Oct 22 2023 13:32:00 GMT-0400 (Eastern Daylight Time),Best UI/UX Hack,Technica,9.3
Your Green Planet,https://technica-2023.devpost.com/submissions/445694-your-green-planet,Sun Oct 22 2023 13:00:00 GMT-0400 (Eastern Daylight Time),Sun Oct 22 2023 13:04:00 GMT-0400 (Eastern Daylight Time),Best Social Good Hack,Technica,9.3
Your Green Planet,https://technica-2023.devpost.com/submissions/445694-your-green-planet,Sun Oct 22 2023 12:40:00 GMT-0400 (Eastern Daylight Time),Sun Oct 22 2023 12:44:00 GMT-0400 (Eastern Daylight Time),Best Hack for Sustainability,Optiver,9.3
Your Green Planet,https://technica-2023.devpost.com/submissions/445694-your-green-planet,,,MLH Prizes,MLH,9.3
Investing in Life,https://technica-2023.devpost.com/submissions/445695-investing-in-life,Sun Oct 22 2023 13:32:00 GMT-0400 (Eastern Daylight Time),Sun Oct 22 2023 13:36:00 GMT-0400 (Eastern Daylight Time),Best UI/UX Hack,Technica,10.1
Investing in Life,https://technica-2023.devpost.com/submissions/445695-investing-in-life,Sun Oct 22 2023 12:20:00 GMT-0400 (Eastern Daylight Time),Sun Oct 22 2023 12:24:00 GMT-0400 (Eastern Daylight Time),Best Use of FinTech,T. Rowe Price,10.1
Investing in Life,https://technica-2023.devpost.com/submissions/445695-investing-in-life,Sun Oct 22 2023 12:40:00 GMT-0400 (Eastern Daylight Time),Sun Oct 22 2023 12:44:00 GMT-0400 (Eastern Daylight Time),Best Financial Hack,Capital One,10.1
antidote,https://technica-2023.devpost.com/submissions/445740-antidote,Sun Oct 22 2023 12:20:00 GMT-0400 (Eastern Daylight Time),Sun Oct 22 2023 12:24:00 GMT-0400 (Eastern Daylight Time),Best Active-Wellness/Health Hack - Herbal Apothecary,Technica,10.2
antidote,https://technica-2023.devpost.com/submissions/445740-antidote,Sun Oct 22 2023 12:44:00 GMT-0400 (Eastern Daylight Time),Sun Oct 22 2023 12:48:00 GMT-0400 (Eastern Daylight Time),Best Beginner Hack (College),Technica,10.2
Post-Quantum Cryptography,https://technica-2023.devpost.com/submissions/445746-post-quantum-cryptography,Sun Oct 22 2023 12:04:00 GMT-0400 (Eastern Daylight Time),Sun Oct 22 2023 12:08:00 GMT-0400 (Eastern Daylight Time),Most “Ever Vigilant” Hack Against Spyware,CACI International,10.3
SentiShelter,https://technica-2023.devpost.com/submissions/445764-sentishelter,Sun Oct 22 2023 13:36:00 GMT-0400 (Eastern Daylight Time),Sun Oct 22 2023 13:40:00 GMT-0400 (Eastern Daylight Time),Best UI/UX Hack,Technica,11.1
SentiShelter,https://technica-2023.devpost.com/submissions/445764-sentishelter,Sun Oct 22 2023 12:04:00 GMT-0400 (Eastern Daylight Time),Sun Oct 22 2023 12:08:00 GMT-0400 (Eastern Daylight Time),Climate Change Sentiment Analysis and Impacts on Housing,Fannie Mae,11.1
SentiShelter,https://technica-2023.devpost.com/submissions/445764-sentishelter,Sun Oct 22 2023 12:08:00 GMT-0400 (Eastern Daylight Time),Sun Oct 22 2023 12:12:00 GMT-0400 (Eastern Daylight Time),Best AI Powered Solution,Bloomberg Industry Group,11.1
SentiShelter,https://technica-2023.devpost.com/submissions/445764-sentishelter,,,MLH Prizes,MLH,11.1
Climate Change Sentiment Analysis and Impacts on Housing,https://technica-2023.devpost.com/submissions/445783-climate-change-sentiment-analysis-and-impacts-on-housing,Sun Oct 22 2023 13:40:00 GMT-0400 (Eastern Daylight Time),Sun Oct 22 2023 13:44:00 GMT-0400 (Eastern Daylight Time),Best UI/UX Hack,Technica,11.2
Climate Change Sentiment Analysis and Impacts on Housing,https://technica-2023.devpost.com/submissions/445783-climate-change-sentiment-analysis-and-impacts-on-housing,Sun Oct 22 2023 13:04:00 GMT-0400 (Eastern Daylight Time),Sun Oct 22 2023 13:08:00 GMT-0400 (Eastern Daylight Time),Best Social Good Hack,Technica,11.2
Climate Change Sentiment Analysis and Impacts on Housing,https://technica-2023.devpost.com/submissions/445783-climate-change-sentiment-analysis-and-impacts-on-housing,Sun Oct 22 2023 12:08:00 GMT-0400 (Eastern Daylight Time),Sun Oct 22 2023 12:12:00 GMT-0400 (Eastern Daylight Time),Climate Change Sentiment Analysis and Impacts on Housing,Fannie Mae,11.2
CryptoCookies,https://technica-2023.devpost.com/submissions/445793-cryptocookies,Sun Oct 22 2023 13:28:00 GMT-0400 (Eastern Daylight Time),Sun Oct 22 2023 13:32:00 GMT-0400 (Eastern Daylight Time),Best Education Hack,Technica,11.3
CryptoCookies,https://technica-2023.devpost.com/submissions/445793-cryptocookies,Sun Oct 22 2023 13:08:00 GMT-0400 (Eastern Daylight Time),Sun Oct 22 2023 13:12:00 GMT-0400 (Eastern Daylight Time),Best Social Good Hack,Technica,11.3
CryptoCookies,https://technica-2023.devpost.com/submissions/445793-cryptocookies,Sun Oct 22 2023 12:24:00 GMT-0400 (Eastern Daylight Time),Sun Oct 22 2023 12:28:00 GMT-0400 (Eastern Daylight Time),Best Startup Track Hack,Technica,11.3
CryptoCookies,https://technica-2023.devpost.com/submissions/445793-cryptocookies,Sun Oct 22 2023 12:28:00 GMT-0400 (Eastern Daylight Time),Sun Oct 22 2023 12:32:00 GMT-0400 (Eastern Daylight Time),Best Use of FinTech,T. Rowe Price,11.3
CryptoCookies,https://technica-2023.devpost.com/submissions/445793-cryptocookies,Sun Oct 22 2023 12:44:00 GMT-0400 (Eastern Daylight Time),Sun Oct 22 2023 12:48:00 GMT-0400 (Eastern Daylight Time),Best Financial Hack,Capital One,11.3
CryptoCookies,https://technica-2023.devpost.com/submissions/445793-cryptocookies,,,MLH Prizes,MLH,11.3
FinLit,https://technica-2023.devpost.com/submissions/445796-finlit,Sun Oct 22 2023 12:32:00 GMT-0400 (Eastern Daylight Time),Sun Oct 22 2023 12:36:00 GMT-0400 (Eastern Daylight Time),Best Education Hack,Technica,https://app.gather.town/app/2x7GW9NhurfCG9pf/Technica%202023-2024?spawnToken=BSmzOgRfSw6aaiRle3HX
FinLit,https://technica-2023.devpost.com/submissions/445796-finlit,Sun Oct 22 2023 12:16:00 GMT-0400 (Eastern Daylight Time),Sun Oct 22 2023 12:20:00 GMT-0400 (Eastern Daylight Time),Best UI/UX Hack,Technica,https://app.gather.town/app/2x7GW9NhurfCG9pf/Technica%202023-2024?spawnToken=9_-SdnUWRBmVbAJZ03IP
FinLit,https://technica-2023.devpost.com/submissions/445796-finlit,Sun Oct 22 2023 12:00:00 GMT-0400 (Eastern Daylight Time),Sun Oct 22 2023 12:04:00 GMT-0400 (Eastern Daylight Time),Best Gamification Hack - Create Your Own Reality,Technica,https://app.gather.town/app/2x7GW9NhurfCG9pf/Technica%202023-2024?spawnToken=UHb47IZnR72t_VaKFK0H
FinLit,https://technica-2023.devpost.com/submissions/445796-finlit,Sun Oct 22 2023 12:04:00 GMT-0400 (Eastern Daylight Time),Sun Oct 22 2023 12:08:00 GMT-0400 (Eastern Daylight Time),Best Use of FinTech,T. Rowe Price,https://app.gather.town/app/2x7GW9NhurfCG9pf/Technica%202023-2024?spawnToken=IrPGEyT_Q8CmHheZ1QEN
FinLit,https://technica-2023.devpost.com/submissions/445796-finlit,Sun Oct 22 2023 12:12:00 GMT-0400 (Eastern Daylight Time),Sun Oct 22 2023 12:16:00 GMT-0400 (Eastern Daylight Time),Best Hack Promoting Education or Public Health,Bloomberg,https://app.gather.town/app/2x7GW9NhurfCG9pf/Technica%202023-2024?spawnToken=IBOcPturRx6K1VSL8akC
FinLit,https://technica-2023.devpost.com/submissions/445796-finlit,Sun Oct 22 2023 12:08:00 GMT-0400 (Eastern Daylight Time),Sun Oct 22 2023 12:12:00 GMT-0400 (Eastern Daylight Time),Best Financial Hack,Capital One,https://app.gather.town/app/2x7GW9NhurfCG9pf/Technica%202023-2024?spawnToken=yN2qcnSpR7-_3FnrfGEY
Playground Games,https://technica-2023.devpost.com/submissions/445797-playground-games,Sun Oct 22 2023 12:48:00 GMT-0400 (Eastern Daylight Time),Sun Oct 22 2023 12:52:00 GMT-0400 (Eastern Daylight Time),Best Gamification Hack - Create Your Own Reality,Technica,12.1
Speak UP!,https://technica-2023.devpost.com/submissions/445814-speak-up,Sun Oct 22 2023 12:00:00 GMT-0400 (Eastern Daylight Time),Sun Oct 22 2023 12:04:00 GMT-0400 (Eastern Daylight Time),Best Research Track Hack,Technica,https://app.gather.town/app/2x7GW9NhurfCG9pf/Technica%202023-2024?spawnToken=IiY7hI5HQ0e9s7K3yMt8
Diffusion Models for Image Generation,https://technica-2023.devpost.com/submissions/445817-diffusion-models-for-image-generation,Sun Oct 22 2023 12:04:00 GMT-0400 (Eastern Daylight Time),Sun Oct 22 2023 12:08:00 GMT-0400 (Eastern Daylight Time),Best Research Track Hack,Technica,12.2
Learning how to learn play Atari Games w/ RL,https://technica-2023.devpost.com/submissions/445825-learning-how-to-learn-play-atari-games-w-rl,Sun Oct 22 2023 12:08:00 GMT-0400 (Eastern Daylight Time),Sun Oct 22 2023 12:12:00 GMT-0400 (Eastern Daylight Time),Best Research Track Hack,Technica,12.3
Tasktudo,https://technica-2023.devpost.com/submissions/445834-tasktudo,Sun Oct 22 2023 13:44:00 GMT-0400 (Eastern Daylight Time),Sun Oct 22 2023 13:48:00 GMT-0400 (Eastern Daylight Time),Best UI/UX Hack,Technica,13.1
Tasktudo,https://technica-2023.devpost.com/submissions/445834-tasktudo,Sun Oct 22 2023 12:48:00 GMT-0400 (Eastern Daylight Time),Sun Oct 22 2023 12:52:00 GMT-0400 (Eastern Daylight Time),Best Beginner Hack (College),Technica,13.1
Tasktudo,https://technica-2023.devpost.com/submissions/445834-tasktudo,Sun Oct 22 2023 12:52:00 GMT-0400 (Eastern Daylight Time),Sun Oct 22 2023 12:56:00 GMT-0400 (Eastern Daylight Time),Best Gamification Hack - Create Your Own Reality,Technica,13.1
Skyward,https://technica-2023.devpost.com/submissions/445840-skyward,Sun Oct 22 2023 13:32:00 GMT-0400 (Eastern Daylight Time),Sun Oct 22 2023 13:36:00 GMT-0400 (Eastern Daylight Time),Best Education Hack,Technica,13.2
Skyward,https://technica-2023.devpost.com/submissions/445840-skyward,Sun Oct 22 2023 12:24:00 GMT-0400 (Eastern Daylight Time),Sun Oct 22 2023 12:28:00 GMT-0400 (Eastern Daylight Time),Best Active-Wellness/Health Hack - Herbal Apothecary,Technica,13.2
Skyward,https://technica-2023.devpost.com/submissions/445840-skyward,Sun Oct 22 2023 12:56:00 GMT-0400 (Eastern Daylight Time),Sun Oct 22 2023 13:00:00 GMT-0400 (Eastern Daylight Time),Best Gamification Hack - Create Your Own Reality,Technica,13.2
Skyward,https://technica-2023.devpost.com/submissions/445840-skyward,Sun Oct 22 2023 13:44:00 GMT-0400 (Eastern Daylight Time),Sun Oct 22 2023 13:48:00 GMT-0400 (Eastern Daylight Time),Best Hack Promoting Education or Public Health,Bloomberg,13.2
Skyward,https://technica-2023.devpost.com/submissions/445840-skyward,Sun Oct 22 2023 12:04:00 GMT-0400 (Eastern Daylight Time),Sun Oct 22 2023 12:08:00 GMT-0400 (Eastern Daylight Time),Best AI Powered Solution,Bloomberg Industry Group,13.2
Skyward,https://technica-2023.devpost.com/submissions/445840-skyward,,,MLH Prizes,MLH,13.2
Gnome Home Crisis,https://technica-2023.devpost.com/submissions/445842-gnome-home-crisis,Sun Oct 22 2023 13:00:00 GMT-0400 (Eastern Daylight Time),Sun Oct 22 2023 13:04:00 GMT-0400 (Eastern Daylight Time),Best Gamification Hack - Create Your Own Reality,Technica,13.3
Gnome Home Crisis,https://technica-2023.devpost.com/submissions/445842-gnome-home-crisis,Sun Oct 22 2023 12:12:00 GMT-0400 (Eastern Daylight Time),Sun Oct 22 2023 12:16:00 GMT-0400 (Eastern Daylight Time),Climate Change Sentiment Analysis and Impacts on Housing,Fannie Mae,13.3
Gnome Home Crisis,https://technica-2023.devpost.com/submissions/445842-gnome-home-crisis,Sun Oct 22 2023 13:48:00 GMT-0400 (Eastern Daylight Time),Sun Oct 22 2023 13:52:00 GMT-0400 (Eastern Daylight Time),Best Hack Promoting Education or Public Health,Bloomberg,13.3
Voice Memo Pad,https://technica-2023.devpost.com/submissions/445847-voice-memo-pad,Sun Oct 22 2023 13:36:00 GMT-0400 (Eastern Daylight Time),Sun Oct 22 2023 13:40:00 GMT-0400 (Eastern Daylight Time),Best Education Hack,Technica,14.1
Voice Memo Pad,https://technica-2023.devpost.com/submissions/445847-voice-memo-pad,Sun Oct 22 2023 12:40:00 GMT-0400 (Eastern Daylight Time),Sun Oct 22 2023 12:44:00 GMT-0400 (Eastern Daylight Time),Best Accessibility Solution,Technica,14.1
Voice Memo Pad,https://technica-2023.devpost.com/submissions/445847-voice-memo-pad,Sun Oct 22 2023 13:52:00 GMT-0400 (Eastern Daylight Time),Sun Oct 22 2023 13:56:00 GMT-0400 (Eastern Daylight Time),Best Hack Promoting Education or Public Health,Bloomberg,14.1
Voice Memo Pad,https://technica-2023.devpost.com/submissions/445847-voice-memo-pad,Sun Oct 22 2023 12:12:00 GMT-0400 (Eastern Daylight Time),Sun Oct 22 2023 12:16:00 GMT-0400 (Eastern Daylight Time),Best AI Powered Solution,Bloomberg Industry Group,14.1
Voice Memo Pad,https://technica-2023.devpost.com/submissions/445847-voice-memo-pad,,,MLH Prizes,MLH,14.1
Storytime,https://technica-2023.devpost.com/submissions/445849-storytime,Sun Oct 22 2023 12:52:00 GMT-0400 (Eastern Daylight Time),Sun Oct 22 2023 12:56:00 GMT-0400 (Eastern Daylight Time),Best Beginner Hack (College),Technica,14.2
Storytime,https://technica-2023.devpost.com/submissions/445849-storytime,Sun Oct 22 2023 13:04:00 GMT-0400 (Eastern Daylight Time),Sun Oct 22 2023 13:08:00 GMT-0400 (Eastern Daylight Time),Best Gamification Hack - Create Your Own Reality,Technica,14.2
Storytime,https://technica-2023.devpost.com/submissions/445849-storytime,,,MLH Prizes,MLH,14.2
Greenovation,https://technica-2023.devpost.com/submissions/445852-greenovation,Sun Oct 22 2023 13:40:00 GMT-0400 (Eastern Daylight Time),Sun Oct 22 2023 13:44:00 GMT-0400 (Eastern Daylight Time),Best Education Hack,Technica,14.3
Greenovation,https://technica-2023.devpost.com/submissions/445852-greenovation,Sun Oct 22 2023 13:48:00 GMT-0400 (Eastern Daylight Time),Sun Oct 22 2023 13:52:00 GMT-0400 (Eastern Daylight Time),Best UI/UX Hack,Technica,14.3
Greenovation,https://technica-2023.devpost.com/submissions/445852-greenovation,Sun Oct 22 2023 12:56:00 GMT-0400 (Eastern Daylight Time),Sun Oct 22 2023 13:00:00 GMT-0400 (Eastern Daylight Time),Best Beginner Hack (College),Technica,14.3
Greenovation,https://technica-2023.devpost.com/submissions/445852-greenovation,Sun Oct 22 2023 12:44:00 GMT-0400 (Eastern Daylight Time),Sun Oct 22 2023 12:48:00 GMT-0400 (Eastern Daylight Time),Best Hack for Sustainability,Optiver,14.3
Greenovation,https://technica-2023.devpost.com/submissions/445852-greenovation,Sun Oct 22 2023 13:56:00 GMT-0400 (Eastern Daylight Time),Sun Oct 22 2023 14:00:00 GMT-0400 (Eastern Daylight Time),Best Hack Promoting Education or Public Health,Bloomberg,14.3
Analyzing Nation-State Censorship Around the World,https://technica-2023.devpost.com/submissions/445853-analyzing-nation-state-censorship-around-the-world,Sun Oct 22 2023 12:12:00 GMT-0400 (Eastern Daylight Time),Sun Oct 22 2023 12:16:00 GMT-0400 (Eastern Daylight Time),Best Research Track Hack,Technica,15.1
Health Conversations during the Pandemic,https://technica-2023.devpost.com/submissions/445854-health-conversations-during-the-pandemic,Sun Oct 22 2023 12:16:00 GMT-0400 (Eastern Daylight Time),Sun Oct 22 2023 12:20:00 GMT-0400 (Eastern Daylight Time),Best Research Track Hack,Technica,15.2
Swim and Survive,https://technica-2023.devpost.com/submissions/445859-swim-and-survive,Sun Oct 22 2023 13:44:00 GMT-0400 (Eastern Daylight Time),Sun Oct 22 2023 13:48:00 GMT-0400 (Eastern Daylight Time),Best Education Hack,Technica,15.3
Swim and Survive,https://technica-2023.devpost.com/submissions/445859-swim-and-survive,Sun Oct 22 2023 13:12:00 GMT-0400 (Eastern Daylight Time),Sun Oct 22 2023 13:16:00 GMT-0400 (Eastern Daylight Time),Best Social Good Hack,Technica,15.3
Swim and Survive,https://technica-2023.devpost.com/submissions/445859-swim-and-survive,Sun Oct 22 2023 12:48:00 GMT-0400 (Eastern Daylight Time),Sun Oct 22 2023 12:52:00 GMT-0400 (Eastern Daylight Time),Best Hack for Sustainability,Optiver,15.3
ChunkZ,https://technica-2023.devpost.com/submissions/445860-chunkz,Sun Oct 22 2023 13:48:00 GMT-0400 (Eastern Daylight Time),Sun Oct 22 2023 13:52:00 GMT-0400 (Eastern Daylight Time),Best Education Hack,Technica,1.1
ChunkZ,https://technica-2023.devpost.com/submissions/445860-chunkz,Sun Oct 22 2023 13:00:00 GMT-0400 (Eastern Daylight Time),Sun Oct 22 2023 13:04:00 GMT-0400 (Eastern Daylight Time),Best Beginner Hack (College),Technica,1.1
ChunkZ,https://technica-2023.devpost.com/submissions/445860-chunkz,Sun Oct 22 2023 12:44:00 GMT-0400 (Eastern Daylight Time),Sun Oct 22 2023 12:48:00 GMT-0400 (Eastern Daylight Time),Best Accessibility Solution,Technica,1.1
Beyond Binary Visions,https://technica-2023.devpost.com/submissions/445865-beyond-binary-visions,Sun Oct 22 2023 12:36:00 GMT-0400 (Eastern Daylight Time),Sun Oct 22 2023 12:40:00 GMT-0400 (Eastern Daylight Time),Best Education Hack,Technica,https://app.gather.town/app/2x7GW9NhurfCG9pf/Technica%202023-2024?spawnToken=BSmzOgRfSw6aaiRle3HX
Beyond Binary Visions,https://technica-2023.devpost.com/submissions/445865-beyond-binary-visions,Sun Oct 22 2023 12:04:00 GMT-0400 (Eastern Daylight Time),Sun Oct 22 2023 12:08:00 GMT-0400 (Eastern Daylight Time),Best Accessibility Solution,Technica,https://app.gather.town/app/2x7GW9NhurfCG9pf/Technica%202023-2024?spawnToken=J9G88MheRua2bdRNEF7t
Beyond Binary Visions,https://technica-2023.devpost.com/submissions/445865-beyond-binary-visions,Sun Oct 22 2023 12:16:00 GMT-0400 (Eastern Daylight Time),Sun Oct 22 2023 12:20:00 GMT-0400 (Eastern Daylight Time),Best Hack Promoting Education or Public Health,Bloomberg,https://app.gather.town/app/2x7GW9NhurfCG9pf/Technica%202023-2024?spawnToken=IBOcPturRx6K1VSL8akC
What's Happening in Palestine,https://technica-2023.devpost.com/submissions/445866-what-s-happening-in-palestine,Sun Oct 22 2023 12:32:00 GMT-0400 (Eastern Daylight Time),Sun Oct 22 2023 12:36:00 GMT-0400 (Eastern Daylight Time),Best Beginner Hack (Middle & High School),Technica,1.2
What's Happening in Palestine,https://technica-2023.devpost.com/submissions/445866-what-s-happening-in-palestine,Sun Oct 22 2023 13:16:00 GMT-0400 (Eastern Daylight Time),Sun Oct 22 2023 13:20:00 GMT-0400 (Eastern Daylight Time),Best Social Good Hack,Technica,1.2
What's Happening in Palestine,https://technica-2023.devpost.com/submissions/445866-what-s-happening-in-palestine,Sun Oct 22 2023 12:20:00 GMT-0400 (Eastern Daylight Time),Sun Oct 22 2023 12:24:00 GMT-0400 (Eastern Daylight Time),Best Research Track Hack,Technica,1.2
What's Happening in Palestine,https://technica-2023.devpost.com/submissions/445866-what-s-happening-in-palestine,Sun Oct 22 2023 14:00:00 GMT-0400 (Eastern Daylight Time),Sun Oct 22 2023 14:04:00 GMT-0400 (Eastern Daylight Time),Best Hack Promoting Education or Public Health,Bloomberg,1.2
Use Wirely,https://technica-2023.devpost.com/submissions/445867-use-wirely,Sun Oct 22 2023 13:52:00 GMT-0400 (Eastern Daylight Time),Sun Oct 22 2023 13:56:00 GMT-0400 (Eastern Daylight Time),Best Education Hack,Technica,2.1
Use Wirely,https://technica-2023.devpost.com/submissions/445867-use-wirely,Sun Oct 22 2023 13:20:00 GMT-0400 (Eastern Daylight Time),Sun Oct 22 2023 13:24:00 GMT-0400 (Eastern Daylight Time),Best Social Good Hack,Technica,2.1
Use Wirely,https://technica-2023.devpost.com/submissions/445867-use-wirely,Sun Oct 22 2023 13:04:00 GMT-0400 (Eastern Daylight Time),Sun Oct 22 2023 13:08:00 GMT-0400 (Eastern Daylight Time),Best Beginner Hack (College),Technica,2.1
Use Wirely,https://technica-2023.devpost.com/submissions/445867-use-wirely,Sun Oct 22 2023 12:52:00 GMT-0400 (Eastern Daylight Time),Sun Oct 22 2023 12:56:00 GMT-0400 (Eastern Daylight Time),Best Hack for Sustainability,Optiver,2.1
Use Wirely,https://technica-2023.devpost.com/submissions/445867-use-wirely,Sun Oct 22 2023 14:04:00 GMT-0400 (Eastern Daylight Time),Sun Oct 22 2023 14:08:00 GMT-0400 (Eastern Daylight Time),Best Hack Promoting Education or Public Health,Bloomberg,2.1
Use Wirely,https://technica-2023.devpost.com/submissions/445867-use-wirely,Sun Oct 22 2023 12:48:00 GMT-0400 (Eastern Daylight Time),Sun Oct 22 2023 12:52:00 GMT-0400 (Eastern Daylight Time),Best Financial Hack,Capital One,2.1
When You Smish Upon a Star,https://technica-2023.devpost.com/submissions/445869-when-you-smish-upon-a-star,Sun Oct 22 2023 12:24:00 GMT-0400 (Eastern Daylight Time),Sun Oct 22 2023 12:28:00 GMT-0400 (Eastern Daylight Time),Best Research Track Hack,Technica,2.2
Shop with a Cause,https://technica-2023.devpost.com/submissions/445871-shop-with-a-cause,Sun Oct 22 2023 13:08:00 GMT-0400 (Eastern Daylight Time),Sun Oct 22 2023 13:12:00 GMT-0400 (Eastern Daylight Time),Best Beginner Hack (College),Technica,2.3
TerpTally,https://technica-2023.devpost.com/submissions/445874-terptally,Sun Oct 22 2023 12:40:00 GMT-0400 (Eastern Daylight Time),Sun Oct 22 2023 12:44:00 GMT-0400 (Eastern Daylight Time),Best Education Hack,Technica,https://app.gather.town/app/2x7GW9NhurfCG9pf/Technica%202023-2024?spawnToken=BSmzOgRfSw6aaiRle3HX
TerpTally,https://technica-2023.devpost.com/submissions/445874-terptally,Sun Oct 22 2023 12:36:00 GMT-0400 (Eastern Daylight Time),Sun Oct 22 2023 12:40:00 GMT-0400 (Eastern Daylight Time),Best Beginner Hack (College),Technica,https://app.gather.town/app/2x7GW9NhurfCG9pf/Technica%202023-2024?spawnToken=jya3rsCWQ2iRdOHUijIo
TerpTally,https://technica-2023.devpost.com/submissions/445874-terptally,Sun Oct 22 2023 12:12:00 GMT-0400 (Eastern Daylight Time),Sun Oct 22 2023 12:16:00 GMT-0400 (Eastern Daylight Time),Best Financial Hack,Capital One,https://app.gather.town/app/2x7GW9NhurfCG9pf/Technica%202023-2024?spawnToken=yN2qcnSpR7-_3FnrfGEY
Care Scribe,https://technica-2023.devpost.com/submissions/445878-care-scribe,Sun Oct 22 2023 12:28:00 GMT-0400 (Eastern Daylight Time),Sun Oct 22 2023 12:32:00 GMT-0400 (Eastern Daylight Time),Best Active-Wellness/Health Hack - Herbal Apothecary,Technica,2.4
Care Scribe,https://technica-2023.devpost.com/submissions/445878-care-scribe,Sun Oct 22 2023 12:48:00 GMT-0400 (Eastern Daylight Time),Sun Oct 22 2023 12:52:00 GMT-0400 (Eastern Daylight Time),Best Accessibility Solution,Technica,2.4
Care Scribe,https://technica-2023.devpost.com/submissions/445878-care-scribe,Sun Oct 22 2023 12:32:00 GMT-0400 (Eastern Daylight Time),Sun Oct 22 2023 12:36:00 GMT-0400 (Eastern Daylight Time),Best Startup Track Hack,Technica,2.4
Care Scribe,https://technica-2023.devpost.com/submissions/445878-care-scribe,Sun Oct 22 2023 14:08:00 GMT-0400 (Eastern Daylight Time),Sun Oct 22 2023 14:12:00 GMT-0400 (Eastern Daylight Time),Best Hack Promoting Education or Public Health,Bloomberg,2.4
Study Conquest,https://technica-2023.devpost.com/submissions/445884-study-conquest,Sun Oct 22 2023 12:44:00 GMT-0400 (Eastern Daylight Time),Sun Oct 22 2023 12:48:00 GMT-0400 (Eastern Daylight Time),Best Education Hack,Technica,https://app.gather.town/app/2x7GW9NhurfCG9pf/Technica%202023-2024?spawnToken=BSmzOgRfSw6aaiRle3HX
Study Conquest,https://technica-2023.devpost.com/submissions/445884-study-conquest,Sun Oct 22 2023 12:04:00 GMT-0400 (Eastern Daylight Time),Sun Oct 22 2023 12:08:00 GMT-0400 (Eastern Daylight Time),Best Beginner Hack (Middle & High School),Technica,https://app.gather.town/app/2x7GW9NhurfCG9pf/Technica%202023-2024?spawnToken=j8ND0kojQtWSO-ReVluV
Study Conquest,https://technica-2023.devpost.com/submissions/445884-study-conquest,Sun Oct 22 2023 12:12:00 GMT-0400 (Eastern Daylight Time),Sun Oct 22 2023 12:16:00 GMT-0400 (Eastern Daylight Time),Best Accessibility Solution,Technica,https://app.gather.town/app/2x7GW9NhurfCG9pf/Technica%202023-2024?spawnToken=J9G88MheRua2bdRNEF7t
Study Conquest,https://technica-2023.devpost.com/submissions/445884-study-conquest,Sun Oct 22 2023 12:20:00 GMT-0400 (Eastern Daylight Time),Sun Oct 22 2023 12:24:00 GMT-0400 (Eastern Daylight Time),Best Hack Promoting Education or Public Health,Bloomberg,https://app.gather.town/app/2x7GW9NhurfCG9pf/Technica%202023-2024?spawnToken=IBOcPturRx6K1VSL8akC
Teens Earn and Learn,https://technica-2023.devpost.com/submissions/445885-teens-earn-and-learn,Sun Oct 22 2023 12:08:00 GMT-0400 (Eastern Daylight Time),Sun Oct 22 2023 12:12:00 GMT-0400 (Eastern Daylight Time),Best Beginner Hack (Middle & High School),Technica,https://app.gather.town/app/2x7GW9NhurfCG9pf/Technica%202023-2024?spawnToken=j8ND0kojQtWSO-ReVluV
Teens Earn and Learn,https://technica-2023.devpost.com/submissions/445885-teens-earn-and-learn,Sun Oct 22 2023 12:00:00 GMT-0400 (Eastern Daylight Time),Sun Oct 22 2023 12:04:00 GMT-0400 (Eastern Daylight Time),Best Active-Wellness/Health Hack - Herbal Apothecary,Technica,https://app.gather.town/app/2x7GW9NhurfCG9pf/Technica%202023-2024?spawnToken=a_qHUKY0SqW__K1BjBn_
Teens Earn and Learn,https://technica-2023.devpost.com/submissions/445885-teens-earn-and-learn,Sun Oct 22 2023 12:16:00 GMT-0400 (Eastern Daylight Time),Sun Oct 22 2023 12:20:00 GMT-0400 (Eastern Daylight Time),Best Accessibility Solution,Technica,https://app.gather.town/app/2x7GW9NhurfCG9pf/Technica%202023-2024?spawnToken=J9G88MheRua2bdRNEF7t
Teens Earn and Learn,https://technica-2023.devpost.com/submissions/445885-teens-earn-and-learn,Sun Oct 22 2023 12:24:00 GMT-0400 (Eastern Daylight Time),Sun Oct 22 2023 12:28:00 GMT-0400 (Eastern Daylight Time),Best Hack Promoting Education or Public Health,Bloomberg,https://app.gather.town/app/2x7GW9NhurfCG9pf/Technica%202023-2024?spawnToken=IBOcPturRx6K1VSL8akC
Teens Earn and Learn,https://technica-2023.devpost.com/submissions/445885-teens-earn-and-learn,Sun Oct 22 2023 12:20:00 GMT-0400 (Eastern Daylight Time),Sun Oct 22 2023 12:24:00 GMT-0400 (Eastern Daylight Time),Best Financial Hack,Capital One,https://app.gather.town/app/2x7GW9NhurfCG9pf/Technica%202023-2024?spawnToken=yN2qcnSpR7-_3FnrfGEY
Footprints at College Park—Fashion Sustainability at UMD,https://technica-2023.devpost.com/submissions/445893-footprints-at-college-park-fashion-sustainability-at-umd,Sun Oct 22 2023 13:56:00 GMT-0400 (Eastern Daylight Time),Sun Oct 22 2023 14:00:00 GMT-0400 (Eastern Daylight Time),Best Education Hack,Technica,2.5
Footprints at College Park—Fashion Sustainability at UMD,https://technica-2023.devpost.com/submissions/445893-footprints-at-college-park-fashion-sustainability-at-umd,Sun Oct 22 2023 13:52:00 GMT-0400 (Eastern Daylight Time),Sun Oct 22 2023 13:56:00 GMT-0400 (Eastern Daylight Time),Best UI/UX Hack,Technica,2.5
Footprints at College Park—Fashion Sustainability at UMD,https://technica-2023.devpost.com/submissions/445893-footprints-at-college-park-fashion-sustainability-at-umd,Sun Oct 22 2023 13:24:00 GMT-0400 (Eastern Daylight Time),Sun Oct 22 2023 13:28:00 GMT-0400 (Eastern Daylight Time),Best Social Good Hack,Technica,2.5
Footprints at College Park—Fashion Sustainability at UMD,https://technica-2023.devpost.com/submissions/445893-footprints-at-college-park-fashion-sustainability-at-umd,Sun Oct 22 2023 12:56:00 GMT-0400 (Eastern Daylight Time),Sun Oct 22 2023 13:00:00 GMT-0400 (Eastern Daylight Time),Best Hack for Sustainability,Optiver,2.5
Trash Sorting,https://technica-2023.devpost.com/submissions/445895-trash-sorting,Sun Oct 22 2023 14:00:00 GMT-0400 (Eastern Daylight Time),Sun Oct 22 2023 14:04:00 GMT-0400 (Eastern Daylight Time),Best Education Hack,Technica,2.6
Trash Sorting,https://technica-2023.devpost.com/submissions/445895-trash-sorting,Sun Oct 22 2023 12:36:00 GMT-0400 (Eastern Daylight Time),Sun Oct 22 2023 12:40:00 GMT-0400 (Eastern Daylight Time),Best Beginner Hack (Middle & High School),Technica,2.6
Trash Sorting,https://technica-2023.devpost.com/submissions/445895-trash-sorting,Sun Oct 22 2023 13:28:00 GMT-0400 (Eastern Daylight Time),Sun Oct 22 2023 13:32:00 GMT-0400 (Eastern Daylight Time),Best Social Good Hack,Technica,2.6
Understanding generative models and CLIP,https://technica-2023.devpost.com/submissions/445896-understanding-generative-models-and-clip,Sun Oct 22 2023 12:04:00 GMT-0400 (Eastern Daylight Time),Sun Oct 22 2023 12:08:00 GMT-0400 (Eastern Daylight Time),Best Research Track Hack,Technica,https://app.gather.town/app/2x7GW9NhurfCG9pf/Technica%202023-2024?spawnToken=IiY7hI5HQ0e9s7K3yMt8
Climate Change Sentiment Analysis on Reddit,https://technica-2023.devpost.com/submissions/445898-climate-change-sentiment-analysis-on-reddit,Sun Oct 22 2023 12:16:00 GMT-0400 (Eastern Daylight Time),Sun Oct 22 2023 12:20:00 GMT-0400 (Eastern Daylight Time),Climate Change Sentiment Analysis and Impacts on Housing,Fannie Mae,2.7
Stock-ify - Stock Market Simulator,https://technica-2023.devpost.com/submissions/445899-stock-ify-stock-market-simulator,Sun Oct 22 2023 14:04:00 GMT-0400 (Eastern Daylight Time),Sun Oct 22 2023 14:08:00 GMT-0400 (Eastern Daylight Time),Best Education Hack,Technica,3.1
Stock-ify - Stock Market Simulator,https://technica-2023.devpost.com/submissions/445899-stock-ify-stock-market-simulator,Sun Oct 22 2023 13:56:00 GMT-0400 (Eastern Daylight Time),Sun Oct 22 2023 14:00:00 GMT-0400 (Eastern Daylight Time),Best UI/UX Hack,Technica,3.1
Stock-ify - Stock Market Simulator,https://technica-2023.devpost.com/submissions/445899-stock-ify-stock-market-simulator,Sun Oct 22 2023 13:12:00 GMT-0400 (Eastern Daylight Time),Sun Oct 22 2023 13:16:00 GMT-0400 (Eastern Daylight Time),Best Beginner Hack (College),Technica,3.1
Stock-ify - Stock Market Simulator,https://technica-2023.devpost.com/submissions/445899-stock-ify-stock-market-simulator,Sun Oct 22 2023 14:12:00 GMT-0400 (Eastern Daylight Time),Sun Oct 22 2023 14:16:00 GMT-0400 (Eastern Daylight Time),Best Hack Promoting Education or Public Health,Bloomberg,3.1
Stock-ify - Stock Market Simulator,https://technica-2023.devpost.com/submissions/445899-stock-ify-stock-market-simulator,Sun Oct 22 2023 12:52:00 GMT-0400 (Eastern Daylight Time),Sun Oct 22 2023 12:56:00 GMT-0400 (Eastern Daylight Time),Best Financial Hack,Capital One,3.1
Follow The Leaf,https://technica-2023.devpost.com/submissions/445900-follow-the-leaf,Sun Oct 22 2023 14:08:00 GMT-0400 (Eastern Daylight Time),Sun Oct 22 2023 14:12:00 GMT-0400 (Eastern Daylight Time),Best Education Hack,Technica,3.2
Follow The Leaf,https://technica-2023.devpost.com/submissions/445900-follow-the-leaf,Sun Oct 22 2023 13:32:00 GMT-0400 (Eastern Daylight Time),Sun Oct 22 2023 13:36:00 GMT-0400 (Eastern Daylight Time),Best Social Good Hack,Technica,3.2
Follow The Leaf,https://technica-2023.devpost.com/submissions/445900-follow-the-leaf,,,MLH Prizes,MLH,3.2
FoodHasteNoWaste,https://technica-2023.devpost.com/submissions/445905-foodhastenowaste,Sun Oct 22 2023 12:20:00 GMT-0400 (Eastern Daylight Time),Sun Oct 22 2023 12:24:00 GMT-0400 (Eastern Daylight Time),Best UI/UX Hack,Technica,https://app.gather.town/app/2x7GW9NhurfCG9pf/Technica%202023-2024?spawnToken=9_-SdnUWRBmVbAJZ03IP
FoodHasteNoWaste,https://technica-2023.devpost.com/submissions/445905-foodhastenowaste,Sun Oct 22 2023 12:32:00 GMT-0400 (Eastern Daylight Time),Sun Oct 22 2023 12:36:00 GMT-0400 (Eastern Daylight Time),Best Hack for Sustainability,Optiver,https://app.gather.town/app/2x7GW9NhurfCG9pf/Technica%202023-2024?spawnToken=I9cykNv1QkecnTqvd0D4
FoodHasteNoWaste,https://technica-2023.devpost.com/submissions/445905-foodhastenowaste,Sun Oct 22 2023 12:24:00 GMT-0400 (Eastern Daylight Time),Sun Oct 22 2023 12:28:00 GMT-0400 (Eastern Daylight Time),Best Financial Hack,Capital One,https://app.gather.town/app/2x7GW9NhurfCG9pf/Technica%202023-2024?spawnToken=yN2qcnSpR7-_3FnrfGEY
Privacy in Scientific Research,https://technica-2023.devpost.com/submissions/445908-privacy-in-scientific-research,Sun Oct 22 2023 12:28:00 GMT-0400 (Eastern Daylight Time),Sun Oct 22 2023 12:32:00 GMT-0400 (Eastern Daylight Time),Best Research Track Hack,Technica,3.3
Safe Bubbles,https://technica-2023.devpost.com/submissions/445911-safe-bubbles,Sun Oct 22 2023 14:00:00 GMT-0400 (Eastern Daylight Time),Sun Oct 22 2023 14:04:00 GMT-0400 (Eastern Daylight Time),Best UI/UX Hack,Technica,3.4
Safe Bubbles,https://technica-2023.devpost.com/submissions/445911-safe-bubbles,Sun Oct 22 2023 13:36:00 GMT-0400 (Eastern Daylight Time),Sun Oct 22 2023 13:40:00 GMT-0400 (Eastern Daylight Time),Best Social Good Hack,Technica,3.4
Safe Bubbles,https://technica-2023.devpost.com/submissions/445911-safe-bubbles,Sun Oct 22 2023 13:16:00 GMT-0400 (Eastern Daylight Time),Sun Oct 22 2023 13:20:00 GMT-0400 (Eastern Daylight Time),Best Beginner Hack (College),Technica,3.4
Safe Bubbles,https://technica-2023.devpost.com/submissions/445911-safe-bubbles,Sun Oct 22 2023 13:00:00 GMT-0400 (Eastern Daylight Time),Sun Oct 22 2023 13:04:00 GMT-0400 (Eastern Daylight Time),Best Hack for Sustainability,Optiver,3.4
Safe Bubbles,https://technica-2023.devpost.com/submissions/445911-safe-bubbles,Sun Oct 22 2023 12:16:00 GMT-0400 (Eastern Daylight Time),Sun Oct 22 2023 12:20:00 GMT-0400 (Eastern Daylight Time),Best AI Powered Solution,Bloomberg Industry Group,3.4
Safe Bubbles,https://technica-2023.devpost.com/submissions/445911-safe-bubbles,,,MLH Prizes,MLH,3.4
Autism Routine Game,https://technica-2023.devpost.com/submissions/445917-autism-routine-game,Sun Oct 22 2023 14:04:00 GMT-0400 (Eastern Daylight Time),Sun Oct 22 2023 14:08:00 GMT-0400 (Eastern Daylight Time),Best UI/UX Hack,Technica,3.5
Autism Routine Game,https://technica-2023.devpost.com/submissions/445917-autism-routine-game,Sun Oct 22 2023 13:20:00 GMT-0400 (Eastern Daylight Time),Sun Oct 22 2023 13:24:00 GMT-0400 (Eastern Daylight Time),Best Beginner Hack (College),Technica,3.5
Autism Routine Game,https://technica-2023.devpost.com/submissions/445917-autism-routine-game,Sun Oct 22 2023 12:52:00 GMT-0400 (Eastern Daylight Time),Sun Oct 22 2023 12:56:00 GMT-0400 (Eastern Daylight Time),Best Accessibility Solution,Technica,3.5
Finance Purity Test,https://technica-2023.devpost.com/submissions/445919-finance-purity-test,Sun Oct 22 2023 14:08:00 GMT-0400 (Eastern Daylight Time),Sun Oct 22 2023 14:12:00 GMT-0400 (Eastern Daylight Time),Best UI/UX Hack,Technica,3.6
Finance Purity Test,https://technica-2023.devpost.com/submissions/445919-finance-purity-test,Sun Oct 22 2023 13:08:00 GMT-0400 (Eastern Daylight Time),Sun Oct 22 2023 13:12:00 GMT-0400 (Eastern Daylight Time),Best Gamification Hack - Create Your Own Reality,Technica,3.6
Finance Purity Test,https://technica-2023.devpost.com/submissions/445919-finance-purity-test,Sun Oct 22 2023 12:56:00 GMT-0400 (Eastern Daylight Time),Sun Oct 22 2023 13:00:00 GMT-0400 (Eastern Daylight Time),Best Financial Hack,Capital One,3.6
Ronny Chieng Joke Generator,https://technica-2023.devpost.com/submissions/445922-ronny-chieng-joke-generator,Sun Oct 22 2023 12:40:00 GMT-0400 (Eastern Daylight Time),Sun Oct 22 2023 12:44:00 GMT-0400 (Eastern Daylight Time),Best Beginner Hack (College),Technica,https://app.gather.town/app/2x7GW9NhurfCG9pf/Technica%202023-2024?spawnToken=jya3rsCWQ2iRdOHUijIo
Project Cleanup,https://technica-2023.devpost.com/submissions/445929-project-cleanup,Sun Oct 22 2023 13:12:00 GMT-0400 (Eastern Daylight Time),Sun Oct 22 2023 13:16:00 GMT-0400 (Eastern Daylight Time),Best Gamification Hack - Create Your Own Reality,Technica,3.7
Project Cleanup,https://technica-2023.devpost.com/submissions/445929-project-cleanup,,,MLH Prizes,MLH,3.7
FinFo,https://technica-2023.devpost.com/submissions/445931-finfo,Sun Oct 22 2023 14:12:00 GMT-0400 (Eastern Daylight Time),Sun Oct 22 2023 14:16:00 GMT-0400 (Eastern Daylight Time),Best Education Hack,Technica,3.8
FinFo,https://technica-2023.devpost.com/submissions/445931-finfo,Sun Oct 22 2023 14:16:00 GMT-0400 (Eastern Daylight Time),Sun Oct 22 2023 14:20:00 GMT-0400 (Eastern Daylight Time),Best UI/UX Hack,Technica,3.8
FinFo,https://technica-2023.devpost.com/submissions/445931-finfo,Sun Oct 22 2023 12:24:00 GMT-0400 (Eastern Daylight Time),Sun Oct 22 2023 12:28:00 GMT-0400 (Eastern Daylight Time),Best Use of FinTech,T. Rowe Price,3.8
FinFo,https://technica-2023.devpost.com/submissions/445931-finfo,Sun Oct 22 2023 14:20:00 GMT-0400 (Eastern Daylight Time),Sun Oct 22 2023 14:24:00 GMT-0400 (Eastern Daylight Time),Best Hack Promoting Education or Public Health,Bloomberg,3.8
FinFo,https://technica-2023.devpost.com/submissions/445931-finfo,Sun Oct 22 2023 13:00:00 GMT-0400 (Eastern Daylight Time),Sun Oct 22 2023 13:04:00 GMT-0400 (Eastern Daylight Time),Best Financial Hack,Capital One,3.8
Pasta n Plate,https://technica-2023.devpost.com/submissions/445937-pasta-n-plate,Sun Oct 22 2023 14:16:00 GMT-0400 (Eastern Daylight Time),Sun Oct 22 2023 14:20:00 GMT-0400 (Eastern Daylight Time),Best Education Hack,Technica,4.1
Pasta n Plate,https://technica-2023.devpost.com/submissions/445937-pasta-n-plate,Sun Oct 22 2023 14:24:00 GMT-0400 (Eastern Daylight Time),Sun Oct 22 2023 14:28:00 GMT-0400 (Eastern Daylight Time),Best Hack Promoting Education or Public Health,Bloomberg,4.1